id_contract,TARGET
1293,0.002586811992282466
1962,0.9965271362057696
6350,0.025392004720174437
14567,0.01248793131680668
9267,0.04506997946641529
5620,0.03702907442091271
10710,0.8089800633053877
2125,0.1674451699122519
5305,0.006446291818932441
16879,0.06246050604905255
11458,0.08918963638949153
13990,0.055592544279353076
16815,0.01660482945937049
3975,0.7050277254045492
12437,0.09067661992443848
17470,0.9763028048228869
4414,0.2396651100191878
8778,0.06694195795105981
2274,0.00878304435103988
16398,0.16597662501330446
16048,0.9891958672193759
4004,0.019066226507259986
15976,0.625296024334487
13775,0.024452154739826353
12616,0.07553046625838179
9846,0.0012970055293053707
7420,0.4511834108595768
13101,0.55524955636003
12824,0.19944362654192957
5034,0.9936325166378627
712,0.011543801706782524
5443,0.09550357661097693
3269,0.03812529404613813
16687,0.0246370354435184
4107,0.0509958579896238
11901,0.12322615300605952
14933,0.027264562816928926
2872,0.014177881667221176
3532,0.026321376254431355
154,0.970791661242211
16606,0.9913212295740811
4217,0.9949225742870161
15579,0.974063460396114
1853,0.0317501195714662
13509,0.01516592667282108
5724,0.08896586968860273
15106,0.05334326309470912
2795,0.07003944660651917
228,0.009749709952771291
17663,0.2226830865049294
2431,0.06216760134223452
3070,0.07160507703932978
4874,0.9434932115112545
13763,0.07526127447035137
8647,0.7487651968518834
10410,0.388161862110339
10180,0.9812632657762249
9131,0.004122226008354125
7351,0.05561953494478032
3228,0.060137498061142866
5052,0.22780669425041156
5697,0.0666530660273442
7305,0.989920388143225
4942,0.98151408198607
4820,0.027245011938548384
17613,0.09370065534873212
14760,0.8915018236379346
13207,0.08695810714032084
14617,0.5567189288287068
4070,0.2724174053709447
4358,0.026165698491981703
11379,0.020947710929776937
16637,0.11283281960853096
16129,0.3700914172200543
13919,0.10306595343618992
8430,0.4769087548611846
4910,0.09423023458650284
4051,0.04374079383776912
11656,0.9443148917953854
15924,0.9706963891944057
16319,0.18499388021514507
6113,0.06172964762723076
8164,0.14997995181661697
912,0.09693785593074117
16176,0.028112238898026456
14929,0.9153296579651856
13195,0.7089900280176779
17080,0.06360220900443059
11531,0.08417397762352981
14649,0.23602539162514327
4738,0.98151408198607
16819,0.3135456453937585
8472,0.9966896714194713
5824,0.011068940843089485
6412,0.8703784322190122
1859,0.016917827918165793
15810,0.9727447639470534
13765,0.9779347735030725
6640,0.19587082558859256
10705,0.9953672892152489
7044,0.9873517226888294
1729,0.14026800793780136
13805,0.06953054936204696
13644,0.03610245802091259
3231,0.0980565343938549
16089,0.039657261443020224
3271,0.07544106487830443
9572,0.055746525278920635
3815,0.0440389573229046
6154,0.048812673829808535
17822,0.932026429182622
737,0.3014643272430452
812,0.8110074147251259
7687,0.9916442386354687
12170,0.9939286033637377
8030,0.32752806083010133
2276,0.00758899243391457
16722,0.02495993894590636
4477,0.6920264408194724
4185,0.011196201599831902
8383,0.023420434806377385
9971,0.3052632159252132
3613,0.003842133991245105
3526,0.8052285425477691
2622,0.05370505253106412
5426,0.26927112270136466
12161,0.061079573079824874
2070,0.03718087603682774
4786,0.98151408198607
1429,0.5710042172492252
1645,0.07060832542910521
11432,0.1057378623325498
15617,0.05745733666790566
12828,0.020300932614403314
8860,0.4296853450626501
10599,0.19041760991440357
3892,0.06044326502082845
6271,0.9728107621073264
2594,0.03973441523193365
16302,0.112664897066246
2703,0.15192520024455933
6942,0.8560976095763038
16766,0.3502500109717965
2980,0.7714309296265951
3811,0.3410208730047453
10365,0.9798712724400154
994,0.02378609396913193
16778,0.006373378918292606
13741,0.03037679021695695
3611,0.05810999983246626
8702,0.015265927645047321
12001,0.06997369783668196
9333,0.35355434913931477
9077,0.1870876556561622
14135,0.014054648913869969
17774,0.20368170031441166
3249,0.03769399828682826
4288,0.7580834278044074
8971,0.04657139562104323
5735,0.1304637073695591
7464,0.06340083781158758
8494,0.051993081390597835
14260,0.07377671957671125
8055,0.9931393994772885
13695,0.9890183601843312
6726,0.28177531261583433
5,0.050141131504565006
2656,0.014898019668998376
13751,0.06905906120898554
9358,0.9765407208061181
8905,0.0009902951807184322
1566,0.014482008724806655
2582,0.9757199790406266
16292,0.06204392934322582
4839,0.4255064922784847
1410,0.05702086396827148
12559,0.5658060259807702
7843,0.5600201928549364
12105,0.09087428057257742
5331,0.9719654604901097
2218,0.00476507888847604
1248,0.022757150521978867
9733,0.19436435750408754
16256,0.1743224325767895
23,0.004820398403663993
4068,0.089638894643056
8226,0.08117492776184995
10452,0.3317641919008483
6151,0.08171795471811691
1391,0.00262728468000287
14742,0.7308355319619871
8382,0.032470931429277185
232,0.055858004318229404
13563,0.048041605428488676
2378,0.8368641831001526
8376,0.12234459467760882
13272,0.13057426295190167
13910,0.04021456165542985
10623,0.01826485846038848
15113,0.17951959343392443
17380,0.9749529624166559
2791,0.9866428915538183
4370,0.0734971361118467
9348,0.09753208766826653
3582,0.17225223996227193
1105,0.11977070550669397
4311,0.031115239627512836
9827,0.2229798457231527
10217,0.06016130269375421
16999,0.07728103514749601
10665,0.0030903476649301463
5729,0.42547018935879216
14950,0.14250880379098674
16592,0.003806728282640282
2601,0.27346025345341474
17707,0.0015332772757647194
11741,0.30271454815531545
8907,0.00441886910948312
17287,0.001282859694216706
15564,0.09175095508207798
2695,0.14235644238438147
7041,0.27687692958890253
3934,0.09924804545522102
17712,0.00486539088825311
9344,0.2881492285542626
11719,0.11411250995188224
8073,0.03685560202131944
9534,0.3498476934650904
6066,0.8089800633053877
9081,0.008499711434781763
2267,0.0381334935196859
17343,0.026102316835141724
12640,0.03582938225447838
4183,0.11464989133147553
4605,0.04874809753926056
1994,0.001953099202510648
2258,0.3504878922869777
2935,0.06812965127840544
4172,0.9598358592991592
10402,0.388161862110339
11353,0.11307821100063642
4018,0.4082623189800972
16913,0.005537954251079611
614,0.2793043754264264
273,0.041194747223701
15346,0.1976927799014475
11263,0.2106082824230148
7787,0.00917210322265896
6333,0.03511706393275519
12036,0.0799083332237576
16816,0.2706644381523786
5511,0.023407840126663942
12999,0.9545728173302142
2540,0.41217404411531683
12793,0.011767195820117723
11830,0.9772737455668834
10595,0.388161862110339
7077,0.0268287493150066
16310,0.10895653202493104
11312,0.13525047717295938
4810,0.025941666168868692
14960,0.062336976350027724
2591,0.07527900486599344
4194,0.0013687175955193634
9716,0.13180216978941645
9112,0.009607025369157567
4117,0.9852316177353782
14874,0.008378460446604289
5699,0.06384891527979512
9190,0.1832898068047712
17245,0.028642641200568975
10910,0.014785909792108032
6053,0.29577667142171016
12972,0.11874937058801795
2919,0.06376496571237973
14434,0.21377783777599044
10964,0.9963071709287008
7332,0.08511394029100693
10547,0.7762302406554602
10224,0.06863103829285974
12310,0.23306162764401003
3072,0.27128644597858903
6159,0.1523850355283366
3246,0.02711928581018024
8666,0.7758832526503368
7317,0.15897693047904474
14706,0.03881574707601373
14036,0.9939286033637377
9225,0.9055638685413261
5823,0.013054665731637619
1118,0.3306468396747632
16072,0.017858816142989273
3900,0.031262171470711114
6480,0.07401951103238559
8095,0.8675068806647848
10268,0.06061190503750747
3005,0.8980836858378641
2959,0.03239121399440852
15394,0.10501967287271813
15900,0.03243512437751966
707,0.0350011842943658
12801,0.09371875759360314
14944,0.17538921364417767
14191,0.1692792086911573
2986,0.009865049087332541
12871,0.21143473895538445
12274,0.03771442181440608
7013,0.017631962716857363
11031,0.06416878101272626
10033,0.16919758699401075
8088,0.9025942351087093
5530,0.9856424438916054
12543,0.018994946768654715
6253,0.08021017916229951
4353,0.04000405420099616
3578,0.13687589600607913
14674,0.8858451926796125
11000,0.0922641859063926
4404,0.08353153144652954
3630,0.43305135086147595
12515,0.040439130460351795
8163,0.02938613371222491
5180,0.23637200794691599
2812,0.5632118681234257
4121,0.06736153693798297
16556,0.005695427964316714
645,0.04844596156954567
4332,0.035111647262749644
308,0.8010159837263209
10314,0.025632909945468678
9984,0.07651820244019247
13183,0.9939286033637377
11875,0.2951208307728823
10408,0.388161862110339
7371,0.06064260734229671
17570,0.14229924005483371
9552,0.5315974422955325
943,0.22411881576620116
860,0.019167943002883964
9928,0.9916442386354687
1639,0.46282183020769097
15710,0.2647973930691459
6229,0.036183674715152644
7358,0.005021523911591998
12206,0.05050150556545422
15711,0.09362151118293756
6322,0.9984751808933903
9873,0.9963071709287008
15629,0.2579481561005554
2350,0.019999370517448465
2938,0.5632118681234257
15961,0.005078826662304275
8425,0.06802978985589275
1950,0.41978474004646377
14535,0.7086842148604102
10458,0.7389578000828917
5368,0.14912515700925716
5432,0.025286484960981622
1759,0.07527900486599344
8926,0.01554133463526919
13049,0.04701989993912831
15336,0.3371274850842405
12120,0.062336976350027724
6017,0.021389291741175237
4515,0.6358553690003899
206,0.1441386625645911
2798,0.08267607807916856
11918,0.17972831561619326
13868,0.12648138516954063
11686,0.4658065461779273
17704,0.057844760429246515
12837,0.00971132057357965
5192,0.06588326889088653
4433,0.009238667406247982
17821,0.932026429182622
7584,0.9066854583149806
3816,0.3226893348958732
13370,0.05746483381271936
346,0.038742504637498926
3842,0.017224660232761115
6657,0.03579002709144798
16936,0.03524379263570477
3456,0.06935047434438221
13474,0.02631273002993091
249,0.04830951757924232
14771,0.025162165932641232
10730,0.1163414254737483
13267,0.18624407558037936
5133,0.11788182180512087
3224,0.34340140941399633
7410,0.025598618484309197
10484,0.49745945516937057
11540,0.9931393994772885
15636,0.005514252106023763
6092,0.5818430708060368
13613,0.011485370286283875
8262,0.018104415727154686
13073,0.053816680687617045
5351,0.060101682650308304
289,0.03664983150506662
1155,0.026545011089956716
8340,0.007906091698139456
9231,0.03693554315869855
4253,0.034980391819218346
8759,0.09368994220879372
5608,0.07201468596676336
14665,0.8858451926796125
3361,0.1355568437557797
13038,0.05219134451518479
10075,0.02235471793725094
6400,0.04306961427994172
14387,0.043774734933021024
4182,0.6430046883036316
15970,0.0036905681586314673
2909,0.02115776106842016
7244,0.1576185908057181
9773,0.2864919525504838
10825,0.6283325736563629
12675,0.061479626866443565
4127,0.5235810569342684
2499,0.0659393402744717
1164,0.15149016470450558
7182,0.23814058382834344
15333,0.02041934015073934
2575,0.1768812938352696
8503,0.9931393994772885
6617,0.988665538197936
12067,0.03414283840324662
15868,0.9984425432495717
16863,0.001282859694216706
16396,0.09053200699793916
13693,0.07719073309640331
12071,0.0015833439893092253
14782,0.5567189288287068
3553,0.9736840219877911
45,0.048525173860276764
619,0.2496211323056571
2940,0.9757199790406266
3691,0.09035783461682587
4680,0.7476196715124388
12685,0.9959878207969606
7150,0.03828470217981292
9931,0.9916442386354687
1534,0.033062924461750694
3580,0.031565284356205266
9939,0.9916442386354687
2363,0.9965271362057696
1463,0.8318346069971435
15626,0.003913604837491548
1161,0.03372928414670841
14875,0.08543512990693511
8107,0.23635832297411433
16552,0.9917862776345981
13335,0.05084959341882457
6782,0.1335803418233535
13282,0.04008194187233784
3765,0.08711667873256294
5410,0.9883072300297139
9808,0.8467529797557968
17021,0.026777094811455435
10352,0.03524020928888336
1361,0.08396620881762154
9537,0.06916952517137628
13773,0.005027994780901683
6187,0.9807799876758482
7874,0.018104415727154686
5890,0.07794094176556819
8488,0.9066854583149806
6280,0.391173164745473
14241,0.00272683798973119
12238,0.09091265467125952
12885,0.4224114998758498
5186,0.026645970057768555
15908,0.02630072992251225
4014,0.010821030642163876
9377,0.04588955078684502
17244,0.07790859485862901
13625,0.23521881913695103
13411,0.55524955636003
6143,0.12038754554917266
7370,0.2843642696130938
10361,0.062336976350027724
17073,0.0721005900693911
1819,0.33586317697372625
10636,0.20221567425360787
8563,0.9798712724400154
13722,0.04505136349307032
10246,0.9765407208061181
4469,0.035857017824131546
2371,0.4937795668022157
13839,0.004609483491041068
5703,0.06384891527979512
17561,0.4934089907272746
9230,0.1856691107433614
14562,0.1427239097163055
4386,0.03401567166060222
1055,0.013922132194872351
12628,0.4409311711341426
8002,0.028300853479606626
10915,0.10842009793372975
14012,0.10715686801013598
10388,0.388161862110339
16953,0.003435182892771914
14766,0.8915018236379346
11585,0.03663782304288344
9973,0.038990920737468834
5670,0.7623260434506272
5761,0.021578374575020005
10802,0.053394482610698214
1148,0.08255679181281507
14476,0.03419276864705291
6372,0.988665538197936
15266,0.01377858513433716
4794,0.8832341129143345
12347,0.09566111652858002
221,0.06759313722268184
814,0.8110074147251259
16543,0.06020336140546447
5512,0.764375425780858
2775,0.051854839670861456
1954,0.10778288471569143
398,0.0018806808898938995
92,0.06425871885137914
5698,0.06659293991378457
1179,0.006096438982780366
7447,0.9984751808933903
1252,0.005740440738426933
491,0.01968869434283133
13688,0.07068893227608503
10558,0.09846089150943937
325,0.9730668554986787
4564,0.014763071446198142
16353,0.18499388021514507
15221,0.01289911543576092
12768,0.015158849539333892
4920,0.0144129282079504
7439,0.9984751808933903
15234,0.018411268954940403
5285,0.12246957713259271
1827,0.055933210924691515
16244,0.09296768437222173
6404,0.0696669072474599
16966,0.007205044534284607
7995,0.010191701336588914
1525,0.002724552133752293
7984,0.006359922648416613
7438,0.9984751808933903
3016,0.9008060575731456
14308,0.09663194952587875
16388,0.010835566272939365
10643,0.388161862110339
613,0.017949729442798285
5691,0.06384891527979512
7875,0.06340083781158758
13862,0.03632241849876272
3843,0.054671473363389865
6018,0.9936325166378627
5794,0.008259691577695134
12652,0.24822941978284013
987,0.06468619906205061
17029,0.5220577626105628
12092,0.020725630173332545
6344,0.11774713481017932
8941,0.9798712724400154
322,0.9730697181444617
6083,0.2808163396707682
7576,0.8560976095763038
1842,0.4678696231432938
5515,0.4852488999927546
6257,0.9848991245383001
9360,0.524235393597104
343,0.7346325099145672
5509,0.23086964161778933
12176,0.03036627982535855
960,0.008813638213629025
13211,0.03745159209868798
10711,0.004710951386790319
2863,0.10529098062680183
10713,0.08625968379789041
10086,0.2850509947288243
5015,0.013795429314878095
10796,0.19944362654192957
2675,0.24204509184515804
4502,0.4336808662229572
8102,0.19368739102028065
12577,0.04006775718807609
8544,0.280237365571768
4713,0.195852004465054
14386,0.13440179016079346
11670,0.24392314558036807
8606,0.026741176482271953
6729,0.061163127595488066
15462,0.006516966353778702
12266,0.10640083666258547
13585,0.06098509774535257
5102,0.03730150791897873
15922,0.961310717066912
13007,0.017050405233420465
12894,0.5519410923088904
2781,0.06162318827433948
11979,0.07998754234070062
14922,0.17623482022981649
5532,0.3040690102635894
16352,0.10834987295583307
14392,0.09648438543076891
12076,0.992373513044099
9835,0.15736305677386944
11233,0.11376969760917519
1934,0.013965585006981071
12299,0.1586067337338722
15151,0.7308355319619871
14841,0.060900398305025485
12026,0.06330331726401495
14711,0.034533606699988714
9245,0.9916442386354687
11229,0.006488794124892343
17484,0.932026429182622
15628,0.020267592270491637
11180,0.056066163772617486
17208,0.07186034169568371
5671,0.9971733174484372
5543,0.0716391487162327
5470,0.11684594749814543
2028,0.8503742666792303
8004,0.9569436028199741
11657,0.05116208749914804
2483,0.03184685809613579
10572,0.07099795255688604
10860,0.03554064835626188
5868,0.19150731884119165
17654,0.013116266579200096
15873,0.17935960756472757
1605,0.1332298612069857
17123,0.02398550452153398
14256,0.7163699226741309
12011,0.0821047633832359
13180,0.03296097878677581
6476,0.04142175368449491
2574,0.012268651758325791
16489,0.9755980110914539
7900,0.23252782988245138
4462,0.021896513961005778
10378,0.09453138789924045
7435,0.9984751808933903
16383,0.015196319612718046
1771,0.08193638169000611
10880,0.8089800633053877
8396,0.9798712724400154
10687,0.06256501276041886
15988,0.0059719656834268595
3472,0.07025037976235854
1290,0.023961711481417285
637,0.05334352196336282
5065,0.712747100733933
5006,0.20787795209498758
186,0.0030814568767009035
821,0.01633921429979252
5624,0.9719654604901097
13739,0.015770653920956786
10872,0.16798314690223
17454,0.9740472680081019
3273,0.6513427104370554
13259,0.11482081349244325
13347,0.07249589498551587
2814,0.04476546153488609
13631,0.03531045325839655
5893,0.03685560202131944
11543,0.14848243113265022
4739,0.995927767865791
9711,0.03753164441760643
17840,0.19482818839519342
11279,0.06863103829285974
3875,0.007391641240058606
10453,0.08108586459380682
6827,0.14144331943034627
8793,0.9798712724400154
6371,0.4124615629176169
17193,0.05659561018380813
6128,0.03362390638242485
1374,0.004676350405489724
14777,0.05724613454063585
16043,0.998462897610567
13864,0.7689836946971514
1149,0.012311040023666616
5920,0.0026947608682706065
9688,0.9805145199343221
704,0.9538812855454304
3170,0.27886615142599475
16249,0.007637901214004415
8146,0.03159993959883747
8536,0.04389360354450139
17378,0.07285444211920566
3039,0.03862744084237507
13694,0.010035502291304224
12919,0.047390617327176594
5249,0.09183131116421298
8501,0.03649809527163294
4236,0.018963382938911047
16732,0.06464822053916053
11442,0.08543512990693511
574,0.05820236359185584
14992,0.34065249649923257
9668,0.1938475961104302
17209,0.6341946836232775
13067,0.09724110660921452
10431,0.021097320359917678
17482,0.9966630529146254
5680,0.9881480084467837
6747,0.6332764035039968
1184,0.26865102403345015
12473,0.12021648323028784
3248,0.8975402914569724
3033,0.09924804545522102
12412,0.012280571344085323
3648,0.19271871279950786
3268,0.995927767865791
9250,0.0017400758467145943
17782,0.3084397743066173
15072,0.15236037388744614
2037,0.003733032581887658
9689,0.9066854583149806
6922,0.0615712474631406
10173,0.9812632657762249
12889,0.006416795893106235
2465,0.06000764706505615
12084,0.8876316622848768
3058,0.9757199790406266
5805,0.20260872588280937
9640,0.06517191950851345
12424,0.051939689860855086
15517,0.08802882982172537
17158,0.998462897610567
4772,0.4500742526041462
12739,0.9931393994772885
2435,0.035836845820405756
14214,0.173939773017019
6560,0.9991201754477568
9118,0.22843759324272817
429,0.5244108904123079
13108,0.9549125079972164
1289,0.08930966923290189
17504,0.47034701820341257
6723,0.9984751808933903
12125,0.16945311996343906
14116,0.731049129376673
110,0.9184415739416072
1968,0.008125916144227549
13416,0.01346072193768538
4223,0.07189133376784913
8161,0.9765407208061181
8800,0.07788927706981644
14695,0.4584623999096859
13726,0.10507551824078239
2168,0.00166817140713299
7240,0.09790633850874689
13954,0.0023746471517767397
6142,0.01635199629406299
9706,0.11191965936812853
12657,0.06919960422087101
2115,0.04192255973034813
10503,0.39042450628998426
14701,0.005259557756022072
8575,0.04359825564284184
12514,0.29226280095933826
12352,0.05245591354150559
111,0.02077960556554499
10009,0.2199084982761661
919,0.04732154229526902
5177,0.5306716432490504
10039,0.9951601421766578
2356,0.019685040617942268
10469,0.39042450628998426
13874,0.9377286959095433
14113,0.731049129376673
10438,0.13825316699274015
8260,0.9966896714194713
10367,0.019014141195141894
2205,0.0027767151936054866
12384,0.059266951789122384
16251,0.1743224325767895
11446,0.0418506170760524
16612,0.10171123706393888
15519,0.039976770097531714
9218,0.8651129305427198
7804,0.9931393994772885
17660,0.1468063224316648
12935,0.9939286033637377
13977,0.058219715639762505
10282,0.21835150407738435
10093,0.8089800633053877
15764,0.08339099737730801
7967,0.24416308989435234
5119,0.9288089213375528
17159,0.9519482177970117
11871,0.017276646411267995
2555,0.008903311007852193
8291,0.646405906781521
7556,0.07991587738388602
5960,0.12910169227560434
7178,0.9966896714194713
7489,0.04338888578095397
3287,0.08972336025253047
89,0.025819357560568076
8632,0.1825905850974009
15279,0.02008851113871318
11013,0.9963071709287008
8754,0.9951601421766578
10793,0.4423862948459748
1382,0.010544716894776348
14497,0.9096758533823711
3878,0.03383215134532841
17417,0.08973348365611625
8054,0.9322701465339174
13331,0.2228799901941866
11465,0.9664764222434599
2875,0.17837806579108556
4642,0.9434932115112545
16840,0.9755980110914539
10278,0.007578609637052951
15963,0.011856110405084566
11125,0.059266951789122384
10849,0.9798712724400154
17772,0.04634261253018509
5799,0.09166027303307471
10609,0.07124418962059799
8724,0.24529672689792847
184,0.054127800961117224
11220,0.9664764222434599
9311,0.9798712724400154
3872,0.011487367484049582
1378,0.06126778085062078
5891,0.036763633799826105
8068,0.047564981220213645
15408,0.04006480764585335
12835,0.04723738785469215
772,0.0300680158059095
17830,0.047774099190848775
13621,0.9955270987850101
7436,0.9984751808933903
11380,0.55524955636003
12181,0.019184622530407622
9426,0.7827388509693866
7252,0.9320060555964627
1292,0.11065632892350591
1917,0.7714309296265951
2520,0.025912084974282934
15703,0.0061420441592985285
15485,0.023179583945584437
7192,0.9931393994772885
8070,0.44231108116674184
1456,0.08370075446369812
17476,0.08448678575232661
1476,0.2028508014549133
9728,0.0705738574356316
13888,0.731049129376673
14648,0.5567189288287068
15427,0.12179216682755728
15479,0.015890968523966716
4536,0.9949225742870161
17714,0.3883881423225015
1942,0.0643231637419768
33,0.02265835563326379
4485,0.031365014783329155
16440,0.1370000797287931
12180,0.05300109821877446
11687,0.031790532769560835
9609,0.35355434913931477
8630,0.20221567425360787
10568,0.0656000800908736
16630,0.0785334487889436
14906,0.014258198944571997
7060,0.03066460284429369
17398,0.5620353355050294
7,0.01660540008952616
6247,0.15592562792603906
10366,0.1860090256391345
16679,0.018822826051360424
3098,0.11114614603116574
14815,0.9300076349710414
10798,0.19989632503843568
3858,0.3581392435935331
11459,0.31769687387007517
9573,0.9798712724400154
3475,0.9155070007754734
4665,0.015223815420028925
17756,0.16444252302525256
12810,0.08075601519952172
17420,0.030111458691545294
6754,0.29765718160977944
15383,0.05930839795818465
7597,0.16120652453237336
7292,0.04006340546966218
16304,0.1743224325767895
1663,0.010815070961819856
9289,0.22561190387647131
11231,0.9569436028199741
3087,0.5632118681234257
9060,0.05823138071716403
8980,0.03318734575874001
3145,0.10778288471569143
17315,0.026430539199318426
10346,0.036077197810188116
16804,0.03146233313183286
143,0.021164666240065903
11954,0.5235676455594838
14945,0.52807803762689
11947,0.009144173426625777
16348,0.030061947320248257
7012,0.20960898013971485
3965,0.2571181757554425
7668,0.8651129305427198
13532,0.06076960565079302
9314,0.9805145199343221
1938,0.053860621837024135
2648,0.9423047268473727
3954,0.343213357673052
9375,0.027634507615972723
6328,0.061186143935013926
16949,0.25730920833600757
2785,0.025053324302554757
15316,0.1661849887517557
14490,0.991945413284507
15595,0.03387214908766661
421,0.040026195068232996
6647,0.11007437792546292
3492,0.04338303648672488
11821,0.8876316622848768
1762,0.5710042172492252
1301,0.018119634864866185
2742,0.19455124253885822
29,0.0070353863157806475
11990,0.0622187836428757
11156,0.09811246813000077
15391,0.021742313118559946
17880,0.19482818839519342
9707,0.8651129305427198
214,0.9400281852317819
2423,0.0011903225804328
17142,0.7070283734166248
17173,0.3514086278257877
6928,0.9966896714194713
14564,0.015304671911680076
9091,0.050564794416601715
13506,0.7472798116828332
14165,0.003562529203830232
3617,0.01645650538762704
3583,0.04505353520227457
7769,0.2900935137259257
14405,0.002731551449886243
4678,0.12681058375327842
2015,0.012213179680912904
5810,0.23665467253338857
12075,0.14276130969015483
2159,0.10778288471569143
14993,0.55524955636003
1790,0.040070256882675175
15830,0.5685530978019627
7147,0.04521349567002339
11729,0.09804194538275895
13590,0.050983001160436796
5715,0.06384891527979512
467,0.06587746509484323
8885,0.03752545421790845
10177,0.09372192517574601
11481,0.9931393994772885
7434,0.9984751808933903
2396,0.03365053518857997
10389,0.388161862110339
9257,0.07152805037417512
10004,0.02904323401650213
15494,0.9891958672193759
4811,0.019293992529055996
8564,0.06296844955861079
10430,0.12009103577260503
15251,0.55524955636003
6652,0.7689836946971514
12287,0.35069929267874156
7160,0.9966896714194713
17190,0.06856152133687211
11780,0.03802360527393598
2976,0.9008060575731456
9713,0.0779309810201187
8158,0.08794825327318355
14786,0.002905758720345636
11549,0.09014491895675263
12622,0.027476552022583048
2012,0.07148565085897003
10231,0.35355434913931477
10181,0.04874025679271967
6248,0.009722559857482261
15225,0.08417397762352981
9771,0.7308355319619871
4085,0.10642193628343434
660,0.03311970605452601
5861,0.00969515573485576
14102,0.45870436656836516
3473,0.9507159361477142
3984,0.044044942663397195
5146,0.015941404586367947
15256,0.9898272642730972
9072,0.04806767303323826
14759,0.8379118526154168
1547,0.005220944111978009
14739,0.9654845646000102
12553,0.13759148458650444
9956,0.9027909810010651
877,0.06615802462368217
1867,0.5710042172492252
2867,0.2785867801269536
4103,0.02419264296092985
3050,0.008424164176051222
4895,0.03416435602348769
5339,0.05464258133867403
3043,0.09558684468087375
3262,0.01873651232591467
576,0.0637265269147107
3007,0.041535587540560456
3302,0.056941495617577595
109,0.9184415739416072
10611,0.8678770139780535
9370,0.0720660262499688
5135,0.98151408198607
13510,0.4659014196058145
12974,0.012387734703519362
2165,0.1730983536039587
2731,0.0982807912076874
14616,0.23991180732956013
9514,0.9765407208061181
4112,0.9281772008327002
17201,0.031277073678899016
10779,0.9765407208061181
12859,0.19157495642420022
14099,0.031873253322771924
16991,0.9755980110914539
16297,0.04309768541155628
8720,0.016300800615647693
10897,0.0833668041806563
4950,0.98151408198607
6655,0.1905679888978729
4699,0.0439576975849871
2949,0.08624527223335747
11076,0.21946377697519717
8033,0.15945254090960148
16829,0.07467266567050126
7329,0.07313864419509195
10429,0.06879065442867406
7235,0.07745859456287839
1434,0.06162318827433948
10569,0.29551263523030225
15543,0.990380218257871
3930,0.7714309296265951
2062,0.5911379827221762
7253,0.3765740321658652
12132,0.992373513044099
1810,0.04231854708982157
17408,0.9763028048228869
14403,0.038597224980330004
13152,0.9981511889494129
7491,0.8560976095763038
14681,0.2507747503052061
5474,0.4655371200305146
15472,0.0061103585206873515
2073,0.0027767151936054866
10524,0.9973055696463616
8642,0.9798712724400154
2081,0.0839781304368511
12722,0.9569436028199741
5361,0.044354075508367015
10065,0.46866973016453384
3439,0.9882257085580909
17376,0.0558946254454654
4960,0.03075133499566732
15086,0.009799054271243208
12637,0.9959878207969606
5835,0.04916344069571134
13367,0.9569436028199741
8343,0.6099754556953424
11411,0.043225155169311705
9670,0.21581862525970397
16008,0.0691883743746054
16755,0.55524955636003
14184,0.020186638080419945
9134,0.3898124306319946
12978,0.719702452861618
14970,0.04131057568250381
12350,0.8544754293228626
12599,0.992373513044099
3845,0.1019858498156198
1537,0.057923132605295226
11654,0.07627109014443256
5043,0.131197619207914
11047,0.12362446067813311
818,0.014054972150021399
8880,0.10538696845325858
12540,0.1673716148722879
5852,0.9974751269876291
6514,0.05097180767124161
2197,0.019436766678845703
4167,0.05964606570046206
16594,0.55524955636003
4204,0.10130967915356541
2895,0.022227140274642582
8296,0.4090198774640136
17473,0.0055794142236865515
3292,0.10071440433216809
12701,0.11411250995188224
6692,0.9879598001056809
73,0.01675882590164809
8698,0.051054523518140764
17713,0.007932932029678643
16194,0.0025596854849916115
10777,0.02037082134908365
8275,0.008061624517738697
4901,0.31971561878698534
9436,0.18180045469817196
826,0.010830022194211373
16138,0.006918869163816884
14688,0.8915018236379346
8738,0.9765407208061181
2466,0.018840937595619743
10850,0.9798712724400154
15152,0.001048404796889267
16384,0.1961673868258309
14299,0.008859434057529333
10767,0.2721636925003557
10792,0.09066830843385883
10287,0.9798712724400154
17655,0.058161625004842434
16051,0.6308891089499056
3313,0.5740339798930265
9966,0.17995465625095963
16934,0.2827047300574675
7566,0.9765407208061181
3565,0.022645550916361137
10998,0.3695576774549978
3670,0.05700632412965237
11864,0.20233828172409868
13526,0.04832866320213784
15735,0.06948877732754316
9764,0.11345491058114782
6889,0.9966896714194713
17587,0.23064547618048756
2836,0.031234742882677427
9176,0.9798712724400154
4641,0.0648103674284001
5219,0.4250494669667406
9125,0.04600604575125594
15907,0.15774692891661965
12284,0.16427574561350916
8787,0.048472984731455324
600,0.007810528902374372
3783,0.05695145025727697
7367,0.028170239406618443
16846,0.018047505515662587
10440,0.030109307676495403
17752,0.10258401700138972
9778,0.05915712240850215
777,0.008792809052395299
14166,0.03530807754776991
9817,0.10667904897475587
9178,0.19170763555198775
7628,0.9349120265492922
12667,0.026355970997002365
6701,0.9879598001056809
318,0.4676577436549791
309,0.10436335786400036
6338,0.9879598001056809
14525,0.01093627009180391
2013,0.002786478300016569
14797,0.0740249253821738
8182,0.06355608305436776
12013,0.2745069481983519
15172,0.04972832270941488
3391,0.9315322108522676
2606,0.5649306389966006
6028,0.12204516563889212
5114,0.22375096099928735
12480,0.9981511889494129
10833,0.03905439518943423
5605,0.06416878783941779
13691,0.7163699226741309
16820,0.046902081144280586
6706,0.11733216580401903
2578,0.026806245166679052
10074,0.1252279070129521
2228,0.021854773930224967
15812,0.9835506992649681
6096,0.3711629714002595
12223,0.1652705094009731
3569,0.08644087884542034
14668,0.5567189288287068
10055,0.04180184152522696
2835,0.3800331522230145
4301,0.0730358818237684
6396,0.022659622270659888
12510,0.02808469848236269
15343,0.2835416713614228
2770,0.0230183190174504
8954,0.9322701465339174
7834,0.0011635253294358637
13060,0.2161272507861546
3895,0.09924804545522102
6009,0.9861860942378826
10471,0.9812632657762249
4924,0.1512672560160261
7155,0.09180946535174313
5409,0.9883072300297139
2048,0.7305648013283491
16367,0.07177702329735289
1437,0.012602632337810246
17155,0.053770574248632685
3564,0.06089465401313174
9249,0.23922737606440347
9056,0.8812844596193086
6693,0.3476798222099667
7570,0.018104415727154686
1634,0.03950531519029678
64,0.006035754893956563
8454,0.0892694435278393
7850,0.14948186825892837
3316,0.9598358592991592
9089,0.3847531532463271
15546,0.07357889708670663
15176,0.03140127691847296
5396,0.07788097353961758
10900,0.014225315595572921
10529,0.10753690023839753
4676,0.6153872952685356
445,0.025692777436261867
3161,0.019299735429741706
156,0.970791661242211
7768,0.18116275934053563
1619,0.1814409891647735
3014,0.9008060575731456
16326,0.00981766513925829
8590,0.10502433427320772
15840,0.015135739828828704
8041,0.1683566843804238
4475,0.6920264408194724
16916,0.13449689099221704
2052,0.6341237005622383
10451,0.14946587316209592
3698,0.16743092908144294
7841,0.5600201928549364
6339,0.9879598001056809
16645,0.003806728282640282
4647,0.9800736414198901
5158,0.07745859456287839
4371,0.06814265967662646
7838,0.5600201928549364
17503,0.620200001734128
386,0.007056633590018583
3973,0.055585282840460666
1807,0.13216256351308295
7208,0.2900935137259257
2337,0.7142549166584523
15601,0.0064751763157148996
12389,0.8080042841224412
2579,0.009412233959901494
11149,0.009358342484377382
6370,0.053398625114452924
14289,0.005895309849092461
801,0.03974718058908265
10088,0.9765407208061181
10102,0.23665467253338857
6890,0.9966896714194713
9265,0.998298639544157
15179,0.0022378351264194943
11105,0.14012678028033346
5658,0.10888601236265669
8403,0.11143803598811132
7700,0.3083080450800801
725,0.049179452986411465
5660,0.043416782759412104
8910,0.01177621939767911
5748,0.9794202366130756
13983,0.02139114050906124
2730,0.25898626740590647
13052,0.0064536337684574
14343,0.21709771212260687
13242,0.02433357684308775
16284,0.003048711977459275
15232,0.05714994611017245
14275,0.7163699226741309
4179,0.7737859179917292
7844,0.5600201928549364
16560,0.0022988907154740646
2152,0.7305648013283491
13349,0.244351575133799
9009,0.07156487227013161
626,0.13201593924025568
11319,0.03855565669332457
562,0.01731153955236562
855,0.00361776893437661
10681,0.388161862110339
16294,0.005095130048214025
15046,0.08117492776184995
7379,0.07600704920726367
15685,0.2506477923450748
6550,0.12359910034742101
13464,0.053633713872583866
16799,0.00176416308147256
6849,0.993583826177237
7723,0.34689790511661006
13314,0.9377286959095433
9064,0.9798712724400154
6406,0.03034434523179685
3202,0.2859444656322831
16628,0.10961997855642881
2114,0.9896932468335307
17629,0.277978497192893
8204,0.9765407208061181
9261,0.011765366047423849
1929,0.00758899243391457
10856,0.19368739102028065
9353,0.8089800633053877
2086,0.011571669885955333
8671,0.03744657222529536
17797,0.932026429182622
1302,0.005664474017532846
11696,0.1175881280966243
10959,0.09585286702396481
11902,0.002709643876727972
16507,0.01846378579764038
8791,0.03916542443257934
4228,0.08600864816296878
1611,0.06477714373814512
3746,0.8906904469418896
9432,0.09412359079831199
1253,0.0029970135973880823
15521,0.9659890300951989
5046,0.16996710689943656
14117,0.731049129376673
17805,0.2546654126546815
6455,0.09619437339552168
8982,0.7612464093968474
2099,0.054308486222119645
388,0.039557870097201214
11517,0.1924619006765531
4443,0.03209984091214247
5754,0.0708796312316473
10827,0.9666898869906392
16794,0.36238772289484605
13289,0.14813080498136236
17554,0.06551072085181563
7878,0.039300255628979104
16835,0.02962035386464752
10938,0.07322100559098264
1061,0.1138587969770161
6875,0.9848991245383001
15066,0.04984455903816612
5230,0.9960576064707993
3192,0.9757199790406266
13202,0.1185475243512376
14005,0.055163705283964685
6021,0.27026386442698824
555,0.032837891256734975
14523,0.04728613169211343
6773,0.030030327726336528
4601,0.1898398533859202
8589,0.023939367094305757
11963,0.992373513044099
5191,0.02214473009553309
15145,0.0702675392644625
9095,0.9798712724400154
3737,0.12426704876982812
10007,0.9798712724400154
10101,0.015394719192930416
2124,0.9190173689556999
3500,0.002535769969485789
11001,0.018104415727154686
12457,0.7859342066135873
1243,0.9279771042039219
6824,0.9966896714194713
10761,0.388161862110339
83,0.07895584761246961
15498,0.9891958672193759
16016,0.0846160442931851
1676,0.019436766678845703
1786,0.11564239294345327
17310,0.11366080306422491
1832,0.04936050466558279
17732,0.5649676775283238
9340,0.1281150141818905
6399,0.06801064171173937
3345,0.05710869147265185
6250,0.123376730314839
10195,0.026585903783289223
9535,0.9931393994772885
9780,0.09749980983522141
2053,0.0907315444241105
2519,0.5632118681234257
9033,0.04220748084200498
1305,0.0028621300384191065
5313,0.0013687175955193634
6499,0.021066001456200342
13533,0.7308355319619871
16807,0.55524955636003
9449,0.9798712724400154
15244,0.07930686335624781
4307,0.05384653302227979
11144,0.2138562089524709
8680,0.9765407208061181
7623,0.994539179935193
12136,0.03414283840324662
136,0.053809466093721725
12491,0.17724930242678053
12368,0.0029330311871683663
13609,0.05212373124908891
12022,0.05240274818848842
16588,0.002609837552821095
11609,0.08337330938470255
8863,0.21381652090522812
6590,0.9879598001056809
16295,0.9755980110914539
17563,0.17544697467912215
14596,0.03338787758837438
6295,0.9741976338599782
16218,0.9342996478390104
8748,0.08108556122110296
6860,0.36084651929473754
8862,0.044581442814561986
3915,0.7488684543873358
7218,0.8560976095763038
17396,0.06927616382221759
7656,0.8716406452469257
12414,0.02216725740900026
5256,0.06349818426168763
3073,0.9858283820232232
14847,0.04208300586386103
13017,0.00971132057357965
5991,0.05694080192650677
925,0.31547094544148163
5266,0.0033362551275428237
14468,0.5669215309903132
14641,0.0674621046064109
2583,0.9757199790406266
11017,0.18444899653659488
16930,0.023219408833408076
17783,0.0058698287668529515
10205,0.7512042415156681
14004,0.08393546282892964
7102,0.9974751269876291
9149,0.46960680458866216
4872,0.9434932115112545
9253,0.0013450897471228883
6738,0.09113765124594544
17449,0.0031632379404388598
6561,0.9991201754477568
4345,0.9800736414198901
6384,0.1824367780649429
9845,0.12000944535446312
4603,0.17302279878149582
4644,0.07370046024999825
3980,0.19616259509446823
17855,0.9653606647201901
1052,0.9736840219877911
13935,0.9078251076522873
10519,0.07109317767482848
5308,0.039465469069006234
3781,0.054671473363389865
12302,0.030182062643696366
7920,0.0072246557284057645
9446,0.9805145199343221
9099,0.12706333876637302
3696,0.9716318086521903
11870,0.011920480426707522
14077,0.08024908286063646
17189,0.010868976250825686
11495,0.7758832526503368
14768,0.06879362800829823
5665,0.03900932852420385
16193,0.03664336772904846
116,0.04682063592952373
7830,0.030339528740992633
11272,0.44231108116674184
4689,0.7285806714681518
11206,0.08362657483281484
9557,0.9765407208061181
16003,0.4608431176981639
3742,0.021130493581404747
8110,0.004420269245020819
2749,0.18078009525178645
8487,0.0036986653641391735
4432,0.6920264408194724
13012,0.16514493266861355
10362,0.26824766139775974
5577,0.16261029650916026
10261,0.04021921064933398
15308,0.0658599114473491
4424,0.09640942797918275
12245,0.06614553087794071
5117,0.712747100733933
3324,0.028612862134097108
17471,0.24675463553255814
9603,0.9798712724400154
15414,0.8655332802862754
8409,0.017972931359356
698,0.051947315977905646
16478,0.15186549231702098
11122,0.8601638584048278
17196,0.2564136196885011
13055,0.05031623762406307
7950,0.1455287672645942
14584,0.06466256228623993
6806,0.18149090829831832
13446,0.31134332865502345
10873,0.08543512990693511
5233,0.09782703952671334
11861,0.08896286954478226
5617,0.2751599329011093
2220,0.01437146384308268
8482,0.4795075400173184
10544,0.11964620347559003
4767,0.041816688948206546
16382,0.04583125761530525
14396,0.06497891902560432
8350,0.3140628238664634
5638,0.9794202366130756
15206,0.52807803762689
16524,0.12149735658069201
7423,0.28106753973137943
9194,0.016713814780856644
6090,0.0678636365457058
15363,0.003117393923866472
13544,0.10394160582946668
11580,0.011962955849577671
8176,0.009195150189796173
17087,0.12120256742674483
11329,0.06995542416440316
14121,0.060273556084736564
5593,0.016055894853653423
12656,0.07655140785991213
16366,0.08735528594330963
4896,0.2573323909827934
15049,0.43691539170066246
14757,0.01920697093925155
2820,0.032154137596258126
9839,0.9798712724400154
11493,0.02638366570393847
554,0.7695305517265809
14891,0.9642002976162055
12267,0.9076832039078584
1579,0.02645617522455896
6067,0.7475100073711477
10018,0.03863601515023481
307,0.25620638284931113
17403,0.01014209100211106
17283,0.16754970174870196
1218,0.7346325099145672
3229,0.010538002153496748
5914,0.049983486713000666
6529,0.20987606997891542
11418,0.32462475062795915
11616,0.9963071709287008
5708,0.06384891527979512
5817,0.7663526980265934
9497,0.15380201495097737
3566,0.8823443354345566
11092,0.1812466444268018
4171,0.0018861755780431489
16139,0.02185454687920853
8697,0.02348718934423161
9198,0.7308355319619871
3633,0.03654314103734195
9406,0.9805145199343221
36,0.008301154954086912
9052,0.9765407208061181
14041,0.014448898579831811
7046,0.061769702114131846
14542,0.017772909944938402
15470,0.0022412238563289956
14400,0.018104415727154686
859,0.004228381735813829
13670,0.0055604213868483765
15289,0.08117492776184995
2796,0.9949225742870161
14045,0.7308355319619871
16922,0.9930893931543214
12973,0.040762881009317395
15904,0.012068925546874757
3988,0.09291841011242874
8401,0.9765407208061181
8432,0.27067828248143005
7969,0.05793657654294586
1300,0.03350917684544523
10842,0.00969600983040416
15188,0.03650323618156685
4326,0.03522102555457529
8443,0.20362082123778805
16546,0.12149735658069201
12172,0.012889943718478241
16841,0.55524955636003
3729,0.0261276890426981
6580,0.5906842383692096
9407,0.19368739102028065
11425,0.09687044061822751
5795,0.04194233268535234
13056,0.40984569917795943
4929,0.023890385559233
15682,0.009032415371305896
1893,0.004680809133643394
2977,0.9008060575731456
1006,0.0054018431396609095
15781,0.9727447639470534
5519,0.03877685053339531
14506,0.9096758533823711
17751,0.03235710305725492
8579,0.11913398390761672
9259,0.12359910034742101
13218,0.17512375124059426
78,0.04128656302191163
2546,0.0375079288064242
3939,0.08874972739842224
14455,0.029465587387461033
1925,0.6617938413892142
9637,0.01921270699711163
11638,0.1720996458674063
764,0.054676344967358445
3618,0.14675600775941536
9697,0.05932394490450107
4284,0.04479984516359765
1500,0.027380077488938562
107,0.008769234197845694
7480,0.9728107621073264
16365,0.005897662281848266
7406,0.025218517316043135
8318,0.006595410676623723
3213,0.07042287799073979
2040,0.031133799181528237
15132,0.0018216072682300125
16566,0.14347368050861134
12019,0.05411500981735473
16208,0.9966630529146254
13000,0.16736339232256703
7273,0.0732868148443672
15974,0.9078217373284623
6921,0.0038219454921784067
11315,0.02313271578042211
9980,0.16242845263719802
4581,0.8475441706030757
2857,0.3534926521161966
6444,0.04986520740181787
5811,0.8459078765456054
443,0.26793116041860787
6620,0.046553872938625306
4290,0.01968430119572045
1685,0.6969542564402801
16817,0.14685395552139663
13147,0.009170941056564526
15294,0.9966630529146254
9927,0.10663364923514712
3695,0.005266767794093724
13046,0.012781210676316246
12931,0.02893711366265539
6741,0.025435493073709695
13410,0.04976980380983901
3362,0.07422011978244235
9048,0.09658126028945196
3692,0.10965919509128752
13512,0.012625053694923036
12941,0.037144544685932215
4733,0.06987211525764316
5084,0.9949225742870161
8522,0.9765407208061181
14817,0.022781558821329415
15203,0.0753683016999033
4287,0.13064131443889976
6500,0.0487438414992672
11377,0.04900531443422001
10164,0.06485319481545915
3193,0.14777000721788267
9013,0.9798712724400154
7652,0.013465704091552044
3106,0.96314308698901
13310,0.149558176559943
11305,0.13212129184609736
13348,0.004725369326077033
3340,0.049229863528257985
6117,0.03822937817085471
11146,0.22333757648600433
16843,0.11033889259606913
14583,0.05304573298553287
10488,0.39042450628998426
16332,0.858145574635923
3149,0.13669769827394324
13622,0.07661661691877529
3217,0.7714309296265951
7664,0.05771332210407833
13764,0.9377286959095433
6029,0.20385384284445734
16662,0.932026429182622
13829,0.7790249502491059
11416,0.3992409327109586
10016,0.040141552900305875
15222,0.18303642318242833
7219,0.9666898869906392
8552,0.19368739102028065
15933,0.9706963891944057
12405,0.8529278610664992
3544,0.1355568437557797
11750,0.10414673656207594
15358,0.0021602007232916763
16967,0.043973761693529
10206,0.17857507819241022
15783,0.9727447639470534
11865,0.20233828172409868
1542,0.03320577091017247
8075,0.2131179362569293
14226,0.310918588536971
250,0.05401054036908652
15879,0.46495109340325547
5612,0.091084242818065
13351,0.013846043268266692
14354,0.06417144122218783
3018,0.002399954331420727
4823,0.05204606896497551
2144,0.5680465094123498
1202,0.006381874175733588
8853,0.9798712724400154
15180,0.9966630529146254
16406,0.012056503153898154
4580,0.8475441706030757
7074,0.049109920787490796
14413,0.035631044738575764
3947,0.0540676666349684
12012,0.9676375446721154
15035,0.9966630529146254
16012,0.998462897610567
8168,0.03361786486410794
11885,0.7204063923088571
6072,0.9974751269876291
7909,0.994539179935193
11785,0.06222213925467899
15705,0.021657798110088857
11675,0.035614909784077636
1956,0.9863243967100825
3420,0.5092759921905681
5182,0.04504889485049025
5934,0.9974751269876291
212,0.04037054805366591
6771,0.9984751808933903
6848,0.9966896714194713
11311,0.015941404586367947
12916,0.9981511889494129
7320,0.4511834108595768
10109,0.0011903225804328
13945,0.0030026014170817378
6578,0.06832081622802631
9061,0.0552406550128137
5342,0.10050600384985132
11724,0.029520344168848228
17857,0.47708002993286314
12420,0.08185179497647012
3440,0.9882257085580909
2920,0.20256966793378597
7158,0.10316517895747249
4381,0.7638715651950637
15276,0.9966630529146254
8837,0.9798712724400154
15798,0.9637361503546349
4554,0.11977276374340916
7430,0.08024134399429454
1955,0.008067410732063372
15050,0.52807803762689
15401,0.07482299846388907
4340,0.013028243124810596
4245,0.10504203844380634
7266,0.028570741480901513
3079,0.6358553690003899
4109,0.9598358592991592
11537,0.05855372708933534
2320,0.7142549166584523
4081,0.22254726318550458
10555,0.04633320668408468
13821,0.05555543173116707
4659,0.04023819252432214
15792,0.9727447639470534
3040,0.05708945474328606
3855,0.16418126617661094
17242,0.03370297891255738
6519,0.06189438913018955
11983,0.8544754293228626
16465,0.002343566153969513
6547,0.7556176426759587
3401,0.2627217220716636
5359,0.027909239500796032
11147,0.3695576774549978
7639,0.0810532869266652
10538,0.09358050648832526
385,0.02115833603273449
11735,0.07904589344321325
3019,0.01615594253377072
4410,0.10671093539170556
14324,0.02749970683802114
3632,0.8980836858378641
12683,0.17789674651485096
7764,0.03699596788389063
552,0.7695305517265809
13913,0.9939286033637377
15860,0.25989289023808737
870,0.37045421167607984
15602,0.05447883123015934
13677,0.09242318490552248
11174,0.038101101078535864
2542,0.9757199790406266
12400,0.045276974390022685
17520,0.1966447441022197
16166,0.018047505515662587
14401,0.11820854416156608
17802,0.24234342196498176
9701,0.14342415105358103
14264,0.0027747135029181245
6896,0.9473812878864373
14356,0.0018595037008792886
17632,0.7308355319619871
9900,0.9963071709287008
4138,0.047880301757447855
12589,0.08446253560536131
2529,0.5632118681234257
6536,0.033754163327340055
7175,0.9966896714194713
4550,0.1927973385113662
10455,0.0012071613778617996
5120,0.04126200771010077
3775,0.054671473363389865
2889,0.005076823911346792
11845,0.029721795969447497
16593,0.023287955164637535
17185,0.018865688330388125
14559,0.7086842148604102
11705,0.02015249051605092
11586,0.018104415727154686
8751,0.10832031184338277
3245,0.04698021488585426
9154,0.04684146988313779
8177,0.9873517226888294
7450,0.2727919484909778
7853,0.030121391889403402
16356,0.9913212295740811
13336,0.11174341582993559
16757,0.9755980110914539
11573,0.18269165968298037
15301,0.016850828880978472
6732,0.05397940818471994
15161,0.9078217373284623
1191,0.11530125976137992
11961,0.9953672892152489
2698,0.07856596949164597
4315,0.11348205070702595
6003,0.06391622494094117
13354,0.004040508838964296
7183,0.1850250494641696
16143,0.020998330767715137
12341,0.10316517895747249
4365,0.15799935262926765
10787,0.09033765352949479
12806,0.1798982542147262
3086,0.014756344991048992
9297,0.0835728083884918
13505,0.9956758838844126
333,0.05450284866238331
6457,0.7775338314174827
10435,0.0163420166129583
5774,0.12265175373669063
15889,0.07123298231579879
8919,0.35355434913931477
14632,0.047668663028407596
2224,0.0769431293825976
2997,0.023700074621288494
13894,0.05892371747774892
6269,0.2119422208643491
11997,0.01952962445278435
15298,0.07295601460572206
12631,0.9664764222434599
6033,0.04299856733648716
1071,0.05408194829097439
2365,0.04884105002065131
13531,0.0029483925893906563
14599,0.9645930451797212
8229,0.3897525032239306
17059,0.22253558642617083
1711,0.08453055814505431
9445,0.9805145199343221
4753,0.98151408198607
2933,0.11614249833448174
649,0.9538812855454304
8737,0.9066854583149806
13536,0.026360035321316186
13305,0.19944362654192957
1042,0.8503742666792303
15857,0.10544912194225597
2769,0.022420897385982182
805,0.908677817071972
13159,0.7887389661369906
517,0.04005677521819787
11494,0.10314683931224998
3868,0.01372175866600019
4142,0.9052728737613088
2106,0.7305648013283491
8865,0.09780513458537696
6014,0.07522591871589396
5507,0.263286478733273
14761,0.14330763947328085
503,0.14741672656125743
10818,0.17848373833226636
13991,0.08393546282892964
16217,0.018047505515662587
15537,0.55524955636003
655,0.04700687385211381
507,0.030436634683129116
7003,0.19987689159884584
7346,0.44107285873368896
7548,0.3340065062885503
597,0.0032462490986528885
10171,0.062202727303341636
5217,0.2600072018377868
11088,0.212509332844677
287,0.9460479957613556
9886,0.11076516109055846
12705,0.06343127177699619
14079,0.1564748060034298
10308,0.9931393994772885
17249,0.007168413794018927
2942,0.062042395273439695
10563,0.14210917032687706
999,0.05120786415883246
8012,0.35355434913931477
1478,0.9863243967100825
11605,0.9953672892152489
17726,0.006948073346085537
9755,0.10454109487607754
16745,0.09388469398849189
6274,0.35355434913931477
1024,0.006590017046647645
1036,0.0049368854920780955
6054,0.04386332106948647
2713,0.9605254944988223
14533,0.02303697867490556
14444,0.40110379078625497
9147,0.5886311230378738
5700,0.06384891527979512
6712,0.9741976338599782
5067,0.04576788142968147
14568,0.018624547927564034
5505,0.34041959063710736
791,0.07945259200800775
9737,0.9812632657762249
14338,0.0035454338744643583
11814,0.26931797828148574
12177,0.7423869942092368
6627,0.08484618161446754
3232,0.7125588443247792
16314,0.012425399405989315
9152,0.08576261182464295
16833,0.05160437244813739
434,0.9514081425087078
9528,0.9951601421766578
14870,0.023137016127064015
9053,0.018683281147986563
7641,0.11724810448183477
471,0.04194507092245815
3326,0.009557643403743966
12209,0.9939286033637377
4892,0.43262607114860374
4020,0.98879450905476
5918,0.13575582626946925
11541,0.005379997042468589
6787,0.058772581348027535
6873,0.6099754556953424
2312,0.0525025747632314
688,0.7695305517265809
12497,0.04566055492250653
6139,0.9422896003352478
11499,0.5784031516193056
15018,0.013811700568978003
8368,0.1746129160684266
1757,0.9965271362057696
13318,0.9377286959095433
16471,0.0031418432231811824
1521,0.010257551309985607
9492,0.9963071709287008
4491,0.0379140042592474
14697,0.8864930264992069
14504,0.9096758533823711
16027,0.9727447639470534
355,0.13469267138260324
8481,0.9974751269876291
6952,0.017888259252880956
3065,0.9965271362057696
13285,0.2128090551666557
16867,0.01038764112984702
17425,0.2030758043502171
4643,0.05534643488977053
311,0.0014473684525629323
2685,0.09852884856643405
2187,0.7305648013283491
7444,0.03034434523179685
8516,0.007796378690827596
326,0.07105909632695885
15449,0.004925515617708907
9759,0.0921029678687333
344,0.23505411695839482
7688,0.20673682718560826
17297,0.25058264974898775
14441,0.033791534196278776
13635,0.42751056223618267
779,0.06419256981389303
6800,0.988665538197936
16074,0.10596487116518499
15948,0.012790065028450237
371,0.024103677071035383
8960,0.20967549020226955
9796,0.9569436028199741
14606,0.13841662221268575
5378,0.9949321989310443
5646,0.012396698017374285
12772,0.20891276850089058
6594,0.1114223755808612
6470,0.7364903844243985
15759,0.06919753615172852
241,0.05722700122944799
13906,0.07177581061887493
11370,0.041772924483445724
9957,0.02882630730984382
11060,0.24906060787445028
15721,0.017045206932200824
15335,0.01002222567566432
16586,0.018047505515662587
17740,0.013394381057335258
11623,0.31134332865502345
13434,0.0023080142123417177
10696,0.010659013057821218
1916,0.055933210924691515
5440,0.005553942889660848
14647,0.5567189288287068
12492,0.14803801985500847
14431,0.06431961338378908
1545,0.05735426673643594
14792,0.9725623061789361
16525,0.09231312619649228
7835,0.9798712724400154
14611,0.12440054565232626
108,0.005543644554898918
8391,0.35242008077755993
6669,0.988665538197936
15535,0.08361963003189987
8768,0.03964791814489175
7987,0.3968115223333826
13967,0.9765555331574687
12928,0.18637091228495137
9498,0.9963071709287008
9441,0.9765407208061181
4731,0.8878011048930013
1989,0.18628417599034972
6601,0.9879598001056809
14531,0.0221089337833682
4125,0.06400640434986685
14795,0.06483644351490188
13592,0.7163699226741309
5656,0.1390395168363614
10241,0.9765407208061181
5616,0.47595196286451713
17524,0.9966630529146254
12742,0.8790550868161121
15365,0.0010109157254478323
17854,0.41979557775212717
3921,0.029905102396907104
5411,0.9883072300297139
14912,0.8896532657417939
10648,0.388161862110339
11571,0.004913086390039869
11764,0.021672541410359496
11948,0.07037499426956884
12273,0.020908482388662376
15740,0.9892533856302699
2370,0.03292126318310388
12031,0.8690631650847559
8273,0.35355434913931477
1254,0.7045972603212677
879,0.0009222769254421831
729,0.7695305517265809
14726,0.12396025603607498
17742,0.08287019654525173
4748,0.98151408198607
3730,0.0211328033457099
17690,0.953651788462087
1316,0.7432464505437155
12989,0.9959878207969606
17717,0.990141911976935
17149,0.012585691126119814
5826,0.03972727242100579
6149,0.08285661977526222
1960,0.032536559148968594
11259,0.3089849709326175
3285,0.29116238182688303
6566,0.9991201754477568
14271,0.0037948049703894382
15806,0.13271143603729021
3520,0.5235810569342684
3395,0.9908973378282425
4939,0.98151408198607
12909,0.07099795255688604
17734,0.9552187264511764
9144,0.14592254832409798
8098,0.9765407208061181
13884,0.9977428848598007
10803,0.21178051127419914
16792,0.06551072085181563
5482,0.06161333482091609
12905,0.9717304204495277
16956,0.0800127429332488
1078,0.0848213729218199
7828,0.060824108180907215
8908,0.013327807999917025
17032,0.9755980110914539
16572,0.55524955636003
12672,0.9545728173302142
10877,0.9443148917953854
6389,0.09405408072188869
9532,0.0721957131802613
408,0.006788841752464454
13944,0.033436178638320956
1854,0.9965271362057696
15819,0.020294767693009818
4583,0.004409849036099624
7082,0.04258966143626809
13559,0.9456199431049355
942,0.0008892939449991101
6883,0.9966896714194713
11453,0.9931393994772885
16335,0.006616174498153423
10564,0.06450185695355218
16221,0.002384029413771932
4349,0.06147195309357928
8319,0.9798712724400154
16924,0.15603666671823838
7451,0.989920388143225
14367,0.55524955636003
14023,0.0717791430228216
3635,0.025000827224913685
2373,0.8095637184748077
5283,0.27106970546299824
7269,0.10220951613833618
6415,0.023576611982138354
2022,0.06699028652712925
13992,0.09740703781630033
1629,0.0317501195714662
13665,0.04460406823173027
1247,0.15756519729942497
4646,0.03524577199690843
5115,0.09539802827757492
12788,0.06212962183993631
4369,0.035111647262749644
12876,0.08493258054409544
6526,0.14104027558667231
2999,0.9190173689556999
3517,0.08472026856739774
7820,0.8870965372704578
297,0.9727193207043822
8404,0.9765407208061181
12971,0.9959878207969606
15848,0.002219432646250235
6910,0.9974751269876291
3015,0.9008060575731456
13908,0.12568214046691337
575,0.032866416789415466
17759,0.12391760677175478
1298,0.0036292223601165877
8949,0.04477825429523247
5756,0.4025604161768226
12146,0.20903962106331841
2437,0.03266503475395683
4176,0.027691672815979392
16562,0.9913212295740811
3521,0.005536102709149126
12475,0.07033351350194479
824,0.034587630282546335
5221,0.022408721532355895
14057,0.14984885640941886
16075,0.4608431176981639
13819,0.04564411115232376
11653,0.006114968799963788
12094,0.17724258889646452
14836,0.43691539170066246
1178,0.03488504334902119
16984,0.09675770197542063
6481,0.9879598001056809
5974,0.06801064171173937
5291,0.04166064679838859
12766,0.006416795893106235
13972,0.2276228689989507
5364,0.9888813725157816
14327,0.004040508838964296
2516,0.12432072071164384
9985,0.023517484038740807
7467,0.0497663836214308
13539,0.01483794522367771
16714,0.012123005481887841
7151,0.07838849466477943
6099,0.007035872533925745
10297,0.9666898869906392
15901,0.04183310845030312
2286,0.008996022327005861
9122,0.9798712724400154
13065,0.9045831125962681
3676,0.7864109390773953
12188,0.14439425451375199
5989,0.005133160299441462
12699,0.7827388509693866
13861,0.038554405878973484
6909,0.017021927198648104
8923,0.05966412062000058
6086,0.9967148704601776
11364,0.9664764222434599
883,0.008705923605478373
10894,0.08266701388194747
11482,0.25590714418945143
5904,0.49537446199565566
8000,0.9765407208061181
1381,0.012633639888413884
5945,0.17487396672601363
7276,0.025853786052851387
5091,0.9719654604901097
11148,0.8812844596193086
17612,0.01500816590148361
6858,0.9873517226888294
6,0.005649694667244322
7927,0.004274602044013336
3265,0.06400640434986685
17144,0.02536080263624029
611,0.43452104110524803
15000,0.07270801731660378
7775,0.021033847206451177
1095,0.004726695401249869
16761,0.02117055975995591
8038,0.04603417960461455
11426,0.1463352193576091
15720,0.02317216095183398
6078,0.9974751269876291
9371,0.39045045738803535
10030,0.08030619344511164
12093,0.7771106636140483
15148,0.004617152948872598
12417,0.0625655021910497
5947,0.3765740321658652
8118,0.0404637449614481
1750,0.9863243967100825
5442,0.04605311752483779
11372,0.020057500532782022
15042,0.0635434065190515
1327,0.14229426983395926
4168,0.8823443354345566
15951,0.02575341496000381
16254,0.1743224325767895
4037,0.09432342804658483
15037,0.18303642318242833
10304,0.05564582931546107
1937,0.05461665895244008
9616,0.908605311477292
11790,0.015833147666187097
6618,0.988665538197936
6683,0.03626985175922802
6911,0.040108536559797986
13074,0.0028621300384191065
7669,0.9179784641834823
7066,0.96314308698901
4802,0.3860625343218616
14800,0.08457171665858336
12308,0.2194709134958168
13033,0.014873833228792674
2714,0.989895932517179
10966,0.388161862110339
11563,0.08441322538927856
10597,0.8089800633053877
17051,0.9966630529146254
5501,0.051693213129724386
17132,0.021983927488530373
5731,0.5793684352975282
3527,0.9367952914241146
17669,0.08587594604104334
14781,0.0658674001923702
5766,0.4285675078104264
11650,0.004967665494980933
17145,0.0163391441923328
17602,0.019314400411582004
7596,0.021141441583785024
17069,0.9966630529146254
8764,0.9066854583149806
3625,0.027365300139121036
15129,0.004106085566819949
14051,0.050904124667405994
2803,0.27128644597858903
8200,0.21159928930789945
7671,0.21120240860398262
16130,0.005327174843933627
407,0.1059592799509218
3096,0.038859218954004585
841,0.31595900392936266
3822,0.8052285425477691
8576,0.908605311477292
8480,0.0013687175955193634
11848,0.08806072471713094
11905,0.8089800633053877
13687,0.05672790102801818
2665,0.2803111061850929
9676,0.2429428674785487
4568,0.013767656770475898
8211,0.03685560202131944
13757,0.034633917766718425
12984,0.05786572601378875
4254,0.42852023635476044
13871,0.013053835922800036
11578,0.030031557166875947
4837,0.46954815068492367
17030,0.43867891038041307
15756,0.9892533856302699
9626,0.07663696919362552
4317,0.03806061391220079
4136,0.0027919510760902196
6673,0.9984751808933903
589,0.03668878262907408
12418,0.9793125283191477
17443,0.05735715483503938
3146,0.11327436584756059
14190,0.034633917766718425
5730,0.5793684352975282
6075,0.9974751269876291
6352,0.02516523581657451
1596,0.023770288437359843
16389,0.9666561665952697
4366,0.2507591022306872
8105,0.19804465006155383
11784,0.024221123556411
9842,0.02432949631436086
11974,0.06602322106101952
10651,0.388161862110339
3258,0.01645650538762704
8540,0.30902684224418764
768,0.7695305517265809
5441,0.001419456634446605
14927,0.9153296579651856
17036,0.36870876095247485
3640,0.018006567045675964
6820,0.9873517226888294
13463,0.05683176185133353
6810,0.3494079988316818
5037,0.02554580820105135
3926,0.06736153693798297
15467,0.03658770121856188
10461,0.13976218687078779
11932,0.060720675517392415
10720,0.2831315638293411
12231,0.0370370810383202
16042,0.007531779829109244
5245,0.02222984886165314
17194,0.0563030579037315
1899,0.004663192093358121
6491,0.9879598001056809
11774,0.0774948706086645
17393,0.004962930801305146
15658,0.015187322145550197
223,0.041294126369321026
16059,0.9898272642730972
9291,0.1878370933853224
9891,0.9798712724400154
3720,0.024556556641663087
5132,0.98151408198607
536,0.43491857405488815
4594,0.9527745047963582
15722,0.027848777190477698
17003,0.55524955636003
3436,0.03164528276087254
16975,0.0960059434912137
16391,0.9966630529146254
17686,0.10006736517672514
8538,0.012907609427745464
4842,0.46954815068492367
13626,0.011353224183190201
13177,0.0641307780079025
13241,0.0054577189277911714
2263,0.06162318827433948
15318,0.026247290654697525
3788,0.019629348241673426
3338,0.003914791215960983
16120,0.9966630529146254
12069,0.024426901255837342
2683,0.03945818350573759
9329,0.05975477580951925
7840,0.5600201928549364
8989,0.13002680923852697
3909,0.03722827587768553
6262,0.9974751269876291
2642,0.15634450863961882
16000,0.5567189288287068
15652,0.015722890074753852
6076,0.9974751269876291
169,0.04154174277762396
13387,0.09547265312791703
11710,0.19368739102028065
8144,0.0015643881367566536
3476,0.19084775937495876
742,0.08025145308565276
6605,0.23463453046356358
6829,0.011463785596991629
4361,0.16050770606818576
2894,0.08901405979941561
3408,0.6882939593834896
2870,0.020176939697441065
17225,0.932026429182622
11452,0.16293600986814225
5253,0.15491862532477452
10449,0.03769347765001501
10183,0.11915527317158045
17885,0.043964369995467927
11213,0.04887038572578718
13542,0.24079184308506404
5912,0.03147176301602673
7401,0.988665538197936
1433,0.5710042172492252
3661,0.22761110251987243
13499,0.24268406243603263
10050,0.9765407208061181
9000,0.9765407208061181
4291,0.12228094313041563
12677,0.0015833439893092253
15130,0.015920613949669513
4661,0.08302834124783931
5167,0.025307086081246592
4940,0.98151408198607
14947,0.11276075582460325
8455,0.004759295026286039
4741,0.8052285425477691
14249,0.024004529810217615
17606,0.008533410009909237
12330,0.4506492252673509
15227,0.05108493363278018
2379,0.055933210924691515
9735,0.1281998361981512
16530,0.038239018439634204
13797,0.9137904110680581
9830,0.8619079686336812
995,0.099659538707279
4934,0.24145896792846216
14901,0.52807803762689
4779,0.21534601977519205
12632,0.12188050303366509
15514,0.016468987425837103
3992,0.009274586113283217
17147,0.025447313292842482
15751,0.9892533856302699
6506,0.296172926725903
14489,0.08378341108674725
6501,0.0883266155932869
596,0.025144785373098635
16608,0.005923495732282089
8883,0.02285442865531149
4180,0.22087502360537517
12590,0.0031418838730236705
13916,0.03444416626627207
14540,0.0043441641985121
10331,0.9744162899865206
12513,0.8031323780671488
2988,0.06779904339105002
9614,0.18007632848595617
8435,0.08643904015542067
10812,0.05652539665786142
11470,0.8601638584048278
10063,0.06340083781158758
15996,0.2730378078320697
11856,0.7624449196697072
9374,0.1732462623402105
11404,0.015821254766157616
12853,0.011973087332964186
12538,0.1673716148722879
6125,0.8839458069028566
2862,0.44383444047178183
13557,0.21648286528766528
5854,0.01849999316149007
8265,0.046128433193666246
13790,0.01329165267063489
16681,0.00881537588891591
9678,0.29673384966058763
15650,0.02068640575255703
10985,0.25202391839206945
2445,0.5938450055621853
17096,0.014355954201241975
1050,0.00924238434750196
6354,0.0379140042592474
2632,0.09861209358560574
16453,0.018047505515662587
881,0.05566633591277412
15182,0.06863103829285974
5263,0.3668424520630983
13438,0.01593764821478476
1567,0.6543395815322685
6783,0.9879598001056809
14916,0.027960138011792587
17112,0.03063786899026549
14291,0.7077592238155449
12030,0.14276130969015483
17434,0.3930388181647851
15483,0.009742800953450318
4072,0.04681203464847671
6531,0.009691211531988235
14194,0.09020177421360538
8010,0.34689790511661006
8894,0.03760799657859772
9925,0.22367263894944198
8221,0.9966896714194713
16419,0.02653815343482839
8474,0.052606486320111
711,0.15921409159509528
4281,0.8649282562896341
14774,0.19147581407406658
12321,0.03215436066827231
16668,0.04803291859986907
1334,0.6969542564402801
7541,0.8560976095763038
11072,0.12083815098136143
13742,0.7689836946971514
256,0.0031427739330464094
16169,0.2587811045303261
17005,0.20277647258626955
17778,0.008370091595667447
6158,0.13707876430573565
1125,0.7052492748193565
13867,0.10123643097845893
13432,0.0751284085790666
9871,0.06340083781158758
10931,0.005220944111978009
12489,0.01136786351521416
7957,0.9812632657762249
7857,0.811292891974193
1337,0.02977976719853453
7510,0.06047952209348724
5762,0.36296901857670066
6799,0.988665538197936
4267,0.03371415452986857
6505,0.04610672769928387
1885,0.0085145642179398
4755,0.98151408198607
3923,0.08326596508110388
6812,0.01525677521052579
16784,0.2645610634621594
14911,0.13249301271117175
13521,0.060521173663133754
9090,0.10157810770369934
11230,0.037615414228079375
4078,0.09937059141110943
9911,0.2238175360656531
16135,0.44665405671426966
8048,0.18448928380766708
6203,0.5818430708060368
15482,0.10219237346775938
1035,0.5600323285023634
17074,0.08300802600156237
425,0.17972780658688225
12214,0.0792795815749951
14394,0.990380218257871
14854,0.962970074987226
14844,0.08681492396461002
14268,0.008973454045719418
10387,0.388161862110339
15874,0.46495109340325547
7290,0.988665538197936
4212,0.12446988493217961
12467,0.9939286033637377
9549,0.02575461447399598
534,0.7171792102399277
3017,0.05488838506016107
3490,0.05723227715059521
7633,0.02783357012965303
3995,0.08081296535696436
12168,0.05522259073161475
8736,0.9066854583149806
933,0.01358492491898745
7267,0.02824300108405498
6135,0.9974751269876291
3178,0.055989596851321835
7271,0.32298246467530045
373,0.020638031229631777
15322,0.55524955636003
3366,0.9736840219877911
4840,0.4255064922784847
119,0.012898359137446939
6621,0.44080909993980893
13123,0.13359012435572745
14940,0.0054683734495164565
2402,0.7142549166584523
2941,0.9757199790406266
15930,0.9706963891944057
15833,0.017160807308123676
13518,0.06565764437629641
16006,0.005864613104924186
11994,0.0077740516303105465
6983,0.008941620103199918
12034,0.052681110755475005
6184,0.07499023135558698
6284,0.3390184911448462
6924,0.21720399242830582
16483,0.0015833439893092253
4697,0.03168111264754492
12627,0.028758075690910188
5013,0.98151408198607
807,0.04782561887971297
3626,0.9281772008327002
759,0.0018806808898938995
1869,0.1730983536039587
10406,0.388161862110339
2944,0.004637547307865501
13199,0.08393546282892964
4356,0.01726257409040122
12746,0.025909594604836175
11805,0.020001701132685668
10344,0.046961354393452254
13279,0.07979442950438469
14749,0.0027175771164036
4166,0.27886615142599475
14461,0.10014165578450064
16435,0.04451917176527541
6604,0.1899029339292398
5207,0.030317130362025185
6882,0.07966355481693445
14160,0.04825535735016655
10141,0.09537836507657588
1928,0.07339292220866979
17574,0.25192951013865966
14500,0.9096758533823711
11538,0.10989970537978352
12539,0.785119764307983
6478,0.08279423942497288
14207,0.7163699226741309
11669,0.8089800633053877
14951,0.990380218257871
10214,0.13190086326071096
9769,0.030339528740992633
11051,0.024638631596078125
14551,0.03548694800932945
2142,0.012770238664643057
4780,0.8475441706030757
8529,0.039840962015250635
15126,0.01703126634185524
9139,0.0036986653641391735
14428,0.09028353422982645
10763,0.062336976350027724
3415,0.26269196386086346
17765,0.9740472680081019
16179,0.9550561441656482
1926,0.6811997325021123
952,0.0011270798999288892
6869,0.018131159093919488
14718,0.04466211556907775
2864,0.0872618845161653
8524,0.9765407208061181
14092,0.0038094470592950386
1936,0.00493368278499113
3870,0.0629592035825015
8060,0.08543512990693511
16960,0.9766825398625227
14453,0.991945413284507
10271,0.024140488154319992
1308,0.007207555945527644
14738,0.00871922014284268
8250,0.07156487227013161
8901,0.7487651968518834
11354,0.12043474070636012
4860,0.9816859742205488
10797,0.55524955636003
2248,0.013366450648480105
67,0.00783588556873919
16416,0.004482115474036194
3972,0.07962328622473074
14026,0.4224114998758498
4560,0.17733885584950462
11758,0.8544754293228626
11133,0.02398534694248102
13429,0.02868330224139869
8744,0.11714930547407881
6434,0.43298695365353773
16898,0.11897990860833407
4061,0.08067987590596092
9387,0.09835204634279655
7163,0.9066854583149806
14292,0.2558571265288582
4531,0.9949225742870161
3051,0.45218795840654297
12610,0.3238437185534692
1277,0.38295350344421375
7660,0.00984151230614593
6841,0.10406841558905969
3190,0.12900154087735932
3786,0.2443708108000407
7788,0.09373178315691155
12499,0.9981511889494129
5846,0.08096345459689006
3506,0.011698007091403038
6238,0.7829081214420791
2581,0.011572009579942224
1226,0.05994107246817011
13716,0.046985801541858996
7503,0.7758832526503368
12536,0.1178494938978008
9967,0.062067828001253794
9184,0.2687545033248739
6894,0.061769702114131846
6234,0.29044012545045117
2657,0.02203004234660296
7952,0.9179784641834823
3107,0.14411013666462671
16502,0.059774990899113
7195,0.2858226984263768
10446,0.026212279318333646
12508,0.045228010958937255
14055,0.0607909595663923
14975,0.8896532657417939
15677,0.0883266155932869
17865,0.17205553221318312
17451,0.9966630529146254
8452,0.9322701465339174
4695,0.37122248657164125
15056,0.9966630529146254
14843,0.07516631656430195
5086,0.9949225742870161
15123,0.26137258310912576
449,0.03250635677045677
4964,0.05010418534224688
14479,0.17523083585611518
2688,0.9813708993622602
12121,0.0029483925893906563
17047,0.3224217222832046
6156,0.25647444130926206
6497,0.08390291145438503
7206,0.9966896714194713
3662,0.2765683759842132
3400,0.2142999419849905
10265,0.17525347976972383
3807,0.5235810569342684
4909,0.7801025602480685
12903,0.24716954423266124
9712,0.20911598849353336
5489,0.9719654604901097
210,0.7239650329192352
3852,0.8540831240730861
16985,0.5220577626105628
7953,0.2939040864432588
10982,0.062336976350027724
4396,0.3240513726430649
16230,0.07720582160411663
1322,0.04234006892107538
17267,0.03384826841930262
14672,0.8858451926796125
1546,0.19466818453191828
4452,0.8878011048930013
785,0.5600323285023634
2204,0.5710042172492252
7672,0.044941653404528895
4030,0.9797278357293006
13679,0.31923441114036116
6027,0.9871148405587132
13130,0.04836443371121452
14894,0.4634422943127127
16653,0.0721005900693911
8868,0.11662574507424078
11009,0.8046496565651394
12583,0.9959878207969606
16793,0.0276867099608506
2386,0.002250744788095395
11177,0.9443148917953854
2705,0.11119994806658806
7698,0.06649483101302699
13736,0.9977428848598007
13460,0.10915540036543177
12318,0.02408774406763773
4922,0.04356476439601938
7911,0.05603324568197172
3675,0.07423519240125276
8135,0.010401528068055716
4428,0.6920264408194724
2417,0.018840937595619743
15865,0.9920759158574745
618,0.013984130320872788
13976,0.7542941998795377
9168,0.5587044965840726
13321,0.14610308564514332
3932,0.9736840219877911
12020,0.056569727634321956
12881,0.4224114998758498
11704,0.11462652123111947
1895,0.017715492536745606
15196,0.06790325697650433
12586,0.07886138525122938
14710,0.8979081072165889
14778,0.09005714214595617
9397,0.9963071709287008
4140,0.061469654407749666
1914,0.8833441860446396
695,0.09693785593074117
4372,0.018531110987758184
17341,0.08121780554987698
965,0.11357381214288112
14218,0.1524128075478117
4566,0.995927767865791
6495,0.9179784641834823
8730,0.9963071709287008
16259,0.004572136147520378
2780,0.35076675249531175
1430,0.05139900009107176
4089,0.9866428915538183
2184,0.7305648013283491
4846,0.9816859742205488
1733,0.9863243967100825
6891,0.1457167903549223
12275,0.012975261783415052
8034,0.00758899243391457
8154,0.2949663190755529
13939,0.00923225450438355
11356,0.06716853792906483
8839,0.1838493665315827
2113,0.019436766678845703
2522,0.13485401360883964
4766,0.9527745047963582
852,0.29732770337006975
804,0.031079538453208898
3154,0.018243081323809366
5973,0.986977763614203
17302,0.08050471572872939
9972,0.06450185695355218
14603,0.03216947813159921
5484,0.0393551675696954
16397,0.007734691910466493
16418,0.005882766826509939
13786,0.056015872195388054
9749,0.06471763254291382
6182,0.035176334996149285
4994,0.9771744611387617
14493,0.31509989574319003
5001,0.44799728394329436
13006,0.14920727403057815
2368,0.5632118681234257
13299,0.3732028667306995
5045,0.00903255721901234
4902,0.004382136486785165
10629,0.030939408144254325
5604,0.13834363092748417
16425,0.037848134739320465
269,0.05622334231382873
7272,0.994539179935193
4417,0.3798950221431009
12201,0.9939286033637377
3092,0.008476528152775569
6568,0.1371951708182131
10267,0.218449716671595
872,0.22021801053790008
6421,0.9848991245383001
16309,0.01535698917782164
2947,0.05428063833918645
10923,0.20221567425360787
10041,0.012978700819954562
3761,0.9852316177353782
9414,0.9951601421766578
4439,0.01680134479579449
5038,0.019184865698837907
13113,0.03681109306212624
2644,0.10516810466926828
12390,0.06863103829285974
1677,0.024398427100450766
16111,0.09259786762969509
2538,0.9757199790406266
7635,0.01764504417419805
664,0.010994097241659206
930,0.09933084961218917
14425,0.008904357520540165
8771,0.1270942040534665
5858,0.0769888217984895
1160,0.053432738497844905
2551,0.21023312841678782
1548,0.00316468496271626
2208,0.5710042172492252
16316,0.00153167092407953
1278,0.1637559235048101
7970,0.02176069689127983
17819,0.5142765570271467
888,0.9736840219877911
11348,0.014785909792108032
16025,0.9727447639470534
11283,0.07566912683190043
15654,0.017044214028495767
11667,0.027524626289173324
10489,0.7640107593592735
4815,0.0233475968835948
14969,0.006230718513639303
14259,0.731049129376673
6742,0.05937143595924372
13925,0.06919753615172852
3797,0.5378074540658453
11212,0.2050483954860429
10213,0.994539179935193
4761,0.10776728677909789
11167,0.03810129983783386
100,0.02600612964709773
7463,0.1960255576422362
8025,0.05038087056357089
3836,0.6853375802279618
5636,0.04911083409205544
12225,0.4105501456557743
6927,0.5818430708060368
8541,0.31506394659304254
13523,0.1623614824280713
10069,0.0748674796255518
2609,0.005502729319256375
13470,0.9977428848598007
9174,0.9735423010131656
898,0.008252917395744568
7357,0.994539179935193
7081,0.07081540974335045
13562,0.09264743442037403
12687,0.06055358149862831
5356,0.029596790614184448
16276,0.02342693312729022
10186,0.7775338314174827
2411,0.6639687357860994
16965,0.040720317086466944
5702,0.062481483699064255
5722,0.06384891527979512
2002,0.9449446599173477
521,0.6919678517021062
784,0.0030740696465645367
15464,0.07719535176502504
6918,0.13442437064752047
1568,0.08757720866640324
6121,0.2067488109826402
6836,0.9848991245383001
10245,0.04813171169287116
12183,0.11041565671964895
6592,0.9879598001056809
103,0.0023250261112607506
16225,0.0516361726505042
11953,0.6613722437512917
12448,0.04589700174872857
2974,0.04945181806764686
8013,0.017858592123536146
7965,0.19944362654192957
5097,0.016025395860445896
2091,0.180114281237092
9217,0.0048849826167301135
17388,0.23717699241730195
9084,0.003643406857029458
2804,0.0016148708996456414
1159,0.3034722649901931
4468,0.2758793142117749
14364,0.55524955636003
1732,0.9036064748136055
9686,0.8467529797557968
13799,0.09775349427296658
3284,0.15217389062231965
14592,0.03571544187824453
10810,0.030009870167654613
2740,0.11975821685069007
9106,0.40527954471276045
15174,0.058069916039978235
12790,0.06704647598975087
5113,0.0445976718519142
5462,0.0233475968835948
16125,0.06551072085181563
13224,0.9978645307840929
7715,0.9966896714194713
14173,0.0027899899631031824
14208,0.0019560594671908316
12707,0.0017232404666769976
7211,0.9728107621073264
14638,0.24895311880981988
13872,0.02872844269599281
12269,0.12642288233201865
10762,0.03014043537563074
14604,0.049146837817204525
2828,0.8138469644135935
8657,0.04455155892609762
17050,0.37765239025416375
8206,0.0033391291236452413
4847,0.9816859742205488
5248,0.04746697214260266
17754,0.3602950207978941
15477,0.4185680086869466
483,0.01380554552028451
6790,0.11100276194021659
7575,0.21368295038093627
7611,0.9906048784886299
9459,0.0027919510760902196
15693,0.0030251421714629504
10443,0.04491932054895906
11313,0.0032870037542547365
8749,0.14463533192318515
14794,0.058980286691254186
8970,0.8619079686336812
12369,0.9045831125962681
13433,0.7527834250659902
16498,0.007166960499632104
13524,0.043396148175048714
7928,0.004909164572994619
5903,0.22819340459498025
13879,0.01377773568871309
4210,0.24385472703197475
2111,0.011246964473757596
17134,0.16640793540357016
11844,0.06071516563759151
5394,0.09226696984393333
13683,0.033275450193814685
6610,0.9749900737657868
9630,0.8870965372704578
7112,0.03520277828973614
17618,0.36817436845351237
10000,0.35355434913931477
9578,0.9805145199343221
11852,0.05490252889975243
6808,0.013514552250144264
1977,0.02054106325228181
13831,0.021598293983489555
17258,0.967610650122482
12033,0.04777947113427269
12594,0.40984577233756664
2294,0.0018861755780431489
7581,0.11999233169940177
17579,0.022958091991510388
7261,0.08910020253792367
2078,0.17837806579108556
1686,0.1188190919562972
12221,0.1652705094009731
17097,0.040204496421619516
977,0.028465202761317168
15469,0.001048404796889267
16287,0.9851164156135886
11717,0.038450596268612726
12227,0.16304151223031696
5418,0.40300718717870726
9783,0.07866637821874256
17485,0.932026429182622
17558,0.932026429182622
11712,0.0034875921494322525
6351,0.8716406452469257
4384,0.2177141550530718
4615,0.8653106612743366
8819,0.2621412362175831
736,0.31547094544148163
9418,0.02896740280874052
6691,0.7695200930901268
1715,0.21678649979177247
6986,0.11724305739942355
7785,0.9798712724400154
15694,0.023646216061090145
7293,0.18160171792102123
12520,0.0027066721615606184
9719,0.9916442386354687
314,0.03989398072181991
14147,0.007275500826831013
1369,0.03173346290960961
8317,0.056966654831295545
15544,0.003117393923866472
10811,0.31206005539218773
12915,0.029309046798410298
10604,0.13130236610038035
17333,0.7583486718599852
6410,0.18170791149845295
317,0.03940423362788317
2006,0.059421107532345446
1964,0.015038017401962762
4935,0.25763012344782577
5282,0.05120719354479691
3311,0.011414526700778782
1483,0.8217908439969014
10738,0.07535168214538948
5243,0.98151408198607
15993,0.7308355319619871
10110,0.06572738954020373
16839,0.858145574635923
12680,0.007337778308956871
3254,0.8860759668445443
5769,0.19499237120326973
6758,0.9988374752737809
974,0.6750623145435556
4196,0.03685560202131944
4763,0.010873096921974043
15165,0.19618017080449585
6044,0.007586859241211704
5307,0.06262728864260886
16145,0.07960978900327817
8806,0.16719578558477846
204,0.038618827970232694
11613,0.275094518158074
12593,0.8080042841224412
2810,0.003633982077045662
7154,0.17353453096293114
7978,0.994539179935193
2948,0.1978386662696045
7459,0.0539454714521568
706,0.0014370551765052833
13838,0.044021635074250276
13179,0.08745674799956261
14881,0.04377910659225183
193,0.2622423391452952
12402,0.7487651968518834
6535,0.25966369026186686
17384,0.05191428577544136
13493,0.035465877291628825
2624,0.4522544724961176
5887,0.019749257749666935
15886,0.08669172013942407
16542,0.03981177857063164
12410,0.062336976350027724
14211,0.0719789644228841
6494,0.27687692958890253
14594,0.03837953749431094
9615,0.011705304745900941
17428,0.03867703778494117
5723,0.030973211071660137
8977,0.14046092653673484
13137,0.17569854227830828
13333,0.9939286033637377
1598,0.0620460512703367
5520,0.022292916922298945
17316,0.04344277238352342
8820,0.06325347607815407
8601,0.9765407208061181
3137,0.038956543559499686
9181,0.04523822385359778
10961,0.057404320184874486
15461,0.0018216072682300125
9916,0.2468018264796269
7502,0.11048533321338971
5938,0.9535558059370846
5389,0.6045323189360569
16188,0.00675621332805784
7516,0.06700099868602648
17018,0.001282859694216706
12060,0.9481813728393077
10025,0.8972667549195378
7776,0.0810532869266652
4146,0.09552116009808094
2416,0.7142549166584523
11020,0.9798712724400154
14629,0.038554405878973484
13220,0.9978645307840929
5232,0.5977564070952137
2398,0.04176346642960109
1811,0.05078373567405877
17510,0.9763028048228869
16011,0.998462897610567
1464,0.06030035394870399
17060,0.11115728364556773
9632,0.13217625427226395
8326,0.05681811711113694
8415,0.055195454823615986
17661,0.005689654823676957
17224,0.10960683215943608
10354,0.20853738243448694
11317,0.8703784322190122
14222,0.021035848686882627
9613,0.07156487227013161
9884,0.12743732765539117
1363,0.0579349170984017
12339,0.00940262009584261
1897,0.07327243796123406
15880,0.001083714546150052
6155,0.15365874952881262
5758,0.03446629030496147
13363,0.03414283840324662
16073,0.0028274745723916553
11579,0.896237257777406
14861,0.55524955636003
17411,0.55524955636003
5198,0.06683906731712005
16633,0.00813762695026322
7190,0.7766489961016247
15696,0.0369335004138041
8545,0.9735423010131656
9661,0.0436132419279148
10349,0.24229276159278948
12023,0.01589223573113502
17641,0.8132561013346639
14062,0.01449821769021692
2712,0.0859145295728121
837,0.3034722649901931
5460,0.10244070268852193
16269,0.0049595791570061455
14006,0.08024908286063646
2752,0.06030035394870399
7498,0.6247708051877282
14569,0.020341812210515373
14636,0.007428047470993718
2625,0.9854746188387181
8807,0.1510456083241941
7201,0.1814318148063582
10040,0.046800793374889106
5254,0.19332044771330825
2844,0.06881728832944196
11160,0.09993718197620857
798,0.5356285240362225
4512,0.043359235636103076
10199,0.008838865428997152
15769,0.9727447639470534
11698,0.27069394766986643
10419,0.388161862110339
93,0.03725935040085064
9352,0.55524955636003
9507,0.4210707257941752
15143,0.5567189288287068
6794,0.9984751808933903
3428,0.7050277254045492
762,0.15719361897872924
7425,0.7678081273358714
16417,0.3598888221848919
14175,0.1041378015205533
17176,0.2560489732198924
1007,0.006053788239898451
5412,0.041141400034546804
15423,0.0323557436948047
14216,0.22802376292861018
1946,0.0030381863243305308
15075,0.013292889901554533
392,0.8939453570719731
14983,0.9153296579651856
1514,0.014696289189098554
3792,0.21625112373456679
3833,0.14615601210130114
6956,0.993583826177237
11362,0.10030830082124814
11267,0.9664764222434599
13794,0.09753960434541886
14982,0.9153296579651856
3705,0.2201414302361875
5615,0.4657842130511083
12303,0.06974667481892863
5257,0.3637756636620596
5288,0.029515000521565717
16741,0.09103098190310382
15273,0.0784851590729003
10815,0.9931393994772885
13804,0.9137904110680581
10654,0.388161862110339
14472,0.037465310918708083
6913,0.09999080012219384
9585,0.004982620078956872
10834,0.03529764573565783
2513,0.0566810161179147
240,0.002558967732029642
2878,0.005902336336598896
894,0.1967953338730269
2646,0.9423047268473727
1831,0.04215553432362725
12556,0.9430300995529882
1074,0.9538812855454304
12547,0.09268796651579711
12379,0.04323118603129846
663,0.06000764706505615
17042,0.005095130048214025
16909,0.07366830495618308
8832,0.03065331868385079
13918,0.07719657981061143
3250,0.10342238761813416
11497,0.9772737455668834
11811,0.17191541635008242
9094,0.35355434913931477
7531,0.9728107621073264
7239,0.04682237424586249
3562,0.02292665781370708
15078,0.11289981380302153
9222,0.998298639544157
9945,0.05849346246915654
7101,0.07155962394883086
8339,0.02549499990717747
1957,0.023197183633404502
11498,0.11432209040775043
16331,0.9966630529146254
12977,0.8790550868161121
15847,0.024899521864612965
14427,0.0167400084243818
480,0.012010154398075394
5898,0.12174686307207717
10478,0.39042450628998426
13081,0.10556935459808714
3738,0.04545855293396358
1092,0.043761017754459904
3159,0.08437901227876268
5227,0.9223878947874438
2788,0.9965271362057696
10881,0.19368739102028065
10516,0.15520339634851288
2201,0.0016001685565279577
9349,0.16969391207753165
13157,0.9754276292415857
9794,0.9765407208061181
220,0.054127800961117224
14698,0.8864930264992069
5261,0.054044268238724616
2741,0.05634354794897809
7176,0.9966896714194713
9904,0.03496936312757224
16944,0.06814454209345248
4192,0.046982563964952616
1415,0.019436766678845703
16954,0.4245108420906027
7563,0.007447840061058745
10294,0.02015249051605092
2443,0.5938450055621853
11359,0.11098197709614085
10649,0.22333757648600433
16159,0.0964425339233773
10162,0.0243699812104989
4383,0.2177141550530718
8484,0.07323186988301308
5683,0.035918293789945405
15982,0.038554405878973484
15153,0.20620332271570765
2808,0.31818220946207065
12734,0.013669139436009788
3332,0.3954638359245931
3914,0.07229072464247199
5931,0.03718624927863083
3533,0.0876656090639991
7397,0.08671002679844211
5214,0.10623497355334115
2858,0.004700061849413702
9138,0.36756417712180367
17207,0.28643689560851987
7050,0.03066460284429369
9565,0.9963071709287008
1656,0.06486205277237261
1799,0.8588537288408635
12967,0.12946711696239485
7982,0.2727919484909778
12029,0.15114495751384044
16968,0.37931864240533697
10157,0.0666136406577821
17833,0.06551072085181563
643,0.31104823740664084
4486,0.2515613846601993
8312,0.9025942351087093
13228,0.2526321234369187
13032,0.0010246246096669133
12671,0.03466125862846777
2064,0.17774642295605725
9589,0.9951601421766578
2991,0.00430382706548294
17089,0.09759057932873841
4995,0.7864109390773953
794,0.008817285488109375
9766,0.08116230247069468
13558,0.058303780765978294
10619,0.13504019620560598
12066,0.15025964557912883
1,0.0049061428722679545
10527,0.9973055696463616
9272,0.049980651385307856
7354,0.994539179935193
5919,0.0699539404204979
12394,0.035350901087251786
3831,0.13908332772308477
848,0.024687035599407187
2183,0.7305648013283491
8847,0.25951556516942836
7618,0.17737709069393812
15239,0.0934647965111113
13873,0.04471532182095395
9195,0.033012269240941076
6305,0.06519167776716488
13891,0.026827485150853
1870,0.9863243967100825
15441,0.4496194336008683
86,0.8939453570719731
395,0.4937795668022157
7767,0.06131088339480956
7704,0.96314308698901
10571,0.9798712724400154
3882,0.8980836858378641
17008,0.03956968309402423
15916,0.13271143603729021
406,0.027380077488938562
13277,0.9818785905816596
96,0.04194955624155764
5687,0.0729462581146229
13315,0.9377286959095433
6200,0.24949333596672177
3604,0.03681033019044601
2107,0.7305648013283491
4759,0.07810299821868116
12663,0.9931393994772885
8767,0.27687692958890253
13671,0.040840276407770625
9748,0.03453513673875377
3466,0.3879177741433366
8362,0.05244083010004705
15560,0.03535625940931752
15987,0.022045893136873412
12748,0.04918176603756982
12546,0.026083856532115597
12156,0.08642259829152255
13477,0.9765555331574687
6464,0.9818785905816596
16131,0.9966630529146254
15576,0.974063460396114
868,0.048537260977738014
10176,0.9812632657762249
3545,0.5775383453438733
11046,0.9931393994772885
11664,0.9931393994772885
9271,0.07593493749579563
8587,0.09430627850371077
5265,0.9764301417233113
16758,0.01058003371998511
7824,0.9422896003352478
5907,0.481356654331083
9281,0.9765407208061181
15142,0.008034035636768631
6828,0.11838830157744784
16009,0.0033602184212848064
10605,0.16459770000606813
11991,0.17717505700222314
12038,0.05676537568088751
12342,0.13916783560549675
9725,0.04834254417513442
5445,0.015110207242334073
1283,0.0551550951293478
5559,0.20514149357882114
5236,0.021742864475088865
5004,0.44799728394329436
10189,0.3557325517493674
5127,0.46902146222027585
15356,0.0022580227943743924
6571,0.8744355725353367
17178,0.9537016044678573
4435,0.029276650579701316
5568,0.2256894740156671
192,0.1321241809735332
15779,0.13271143603729021
15121,0.9515861459368713
12293,0.8205909817429254
11577,0.06704647598975087
17487,0.4215694787607704
17635,0.04539501321585588
9116,0.005021523911591998
11397,0.9931393994772885
14484,0.16198480735711118
6270,0.9728107621073264
17269,0.9763028048228869
16205,0.015218423832555237
8733,0.9765407208061181
416,0.02941574203125962
3204,0.0051931486847891
1891,0.0076146449011719325
8277,0.33229673854737163
12443,0.10581153403136277
4387,0.060137498061142866
16992,0.9755980110914539
15024,0.8896532657417939
10839,0.018104415727154686
224,0.008323215675170989
13674,0.040672579565451394
13019,0.05761312336050722
12355,0.22619016115684076
15678,0.006130903063834731
11478,0.0474060227484315
9107,0.40527954471276045
9930,0.03374808907913848
61,0.08187634012907577
14508,0.9096758533823711
8935,0.05993094239309362
13116,0.29017994920809975
15747,0.9892533856302699
14089,0.1047401828807414
4905,0.03928034171980437
14300,0.7077592238155449
16940,0.005047808073789061
2619,0.007093449974227865
11340,0.1504843378665224
12896,0.01274630275399229
1741,0.09819051128682622
7693,0.09341849749668614
7601,0.5438836770938643
8535,0.16927823529367403
5066,0.9143565183858073
17387,0.02190376972930753
4715,0.036332798757512795
13053,0.002445225579473797
3944,0.038830651604212986
39,0.02662593053064157
8003,0.14997995181661697
129,0.6753610572003632
10244,0.9798712724400154
17064,0.04567601767950131
15397,0.07239132464417986
6258,0.9848991245383001
1730,0.002516911867442415
6231,0.18963731973370276
7771,0.07989947707908056
6041,0.06238686826628966
528,0.33725995780429985
6612,0.988665538197936
2079,0.01812236876424912
10125,0.07705767923952755
13936,0.06664472143424723
17645,0.9832411632958354
15137,0.15343353666867485
9663,0.09822824365037651
7910,0.06584711213550452
5745,0.04819921225632491
1894,0.015861151533714413
16797,0.97327722705195
422,0.24462266019707932
9409,0.11827512110812122
1505,0.04132837999075378
4953,0.98151408198607
12794,0.9953672892152489
5471,0.9973745770935566
1075,0.03487267093001498
1425,0.9538812855454304
3912,0.9949225742870161
4595,0.15866728252595536
13652,0.09158058664895745
9227,0.9916442386354687
2550,0.0417362241041879
10799,0.01955133494269463
11258,0.11377822540322866
201,0.13265501536073043
6122,0.03409124049232295
9376,0.19041831191273226
16661,0.10166744195167934
15744,0.9892533856302699
8830,0.086236110899447
13641,0.05384986944218114
15743,0.9892533856302699
4671,0.44896616315831417
10409,0.388161862110339
14358,0.009500590036217603
10437,0.0740701678317668
9948,0.05604917277729406
14557,0.017162800086373792
15768,0.9637361503546349
10809,0.9765407208061181
17141,0.01937079270690933
1257,0.7045972603212677
16200,0.09304988948622707
14120,0.060273556084736564
12470,0.005820722782979037
5545,0.3674278315922269
15286,0.14074052642114207
11440,0.020721186163173894
11274,0.19313722091849572
12204,0.1700902310361488
8531,0.29189142115297056
9746,0.3557325517493674
257,0.014252645881129369
8365,0.02339214076622824
14374,0.021657798110088857
16554,0.0022988907154740646
17755,0.02462184190464103
5035,0.889080118351209
13051,0.060039250846391556
1787,0.13981804660777103
15491,0.07439805392858007
797,0.9060552077145068
369,0.09396261516289352
4042,0.3377526907023321
10979,0.12333969457012545
15598,0.06716853792906483
15332,0.01915404646311663
9595,0.8972667549195378
12913,0.05998300357352742
11630,0.8544754293228626
16580,0.0014052171077048525
2133,0.5710042172492252
11722,0.04926970549125285
17427,0.04912063623238012
7812,0.05368454429806214
12141,0.018104415727154686
6740,0.08537807895604801
15156,0.007554478273248259
13941,0.9765555331574687
10448,0.15496193977973177
16447,0.006342316420942213
